sim-number,population-size,num-grass,num-gentle,num-rugged,num-dunes,
0,1035,90,225,405,315,
1,1035,90,225,405,315,
2,1035,90,225,405,315,
3,1035,90,225,405,315,
4,1035,90,225,405,315,
5,1035,90,225,405,315,
6,1035,90,225,405,315,
7,1035,90,225,405,315,
8,1035,90,225,405,315,
9,1035,90,225,405,315,
10,1035,90,225,405,315,
11,1035,90,225,405,315,
12,1035,90,225,405,315,
13,1035,90,225,405,315,
14,1035,90,225,405,315,
15,1035,90,225,405,315,
16,1035,90,225,405,315,
17,1035,90,225,405,315,
18,1035,90,225,405,315,
19,1035,90,225,405,315,
20,1035,90,225,405,315,
21,1035,90,225,405,315,
22,1035,90,225,405,315,
23,1035,90,225,405,315,
24,1035,90,225,405,315,
25,1035,90,225,405,315,
26,1035,90,225,405,315,
27,1035,90,225,405,315,
28,1035,90,225,405,315,
29,1035,90,225,405,315,
30,1035,90,225,405,315,
sim-number,population-size,num-grass,num-gentle,num-rugged,num-dunes,
sim-number,population-size,num-grass,num-gentle,num-rugged,num-dunes,
0,1035,90,225,405,315,
1,1035,90,225,405,315,
2,1035,90,225,405,315,
3,1035,90,225,405,315,
4,1035,90,225,405,315,
5,1035,90,225,405,315,
6,1035,90,225,405,315,
7,1035,90,225,405,315,
8,1035,90,225,405,315,
9,1035,90,225,405,315,
10,1035,90,225,405,315,
11,1035,90,225,405,315,
12,1035,90,225,405,315,
13,1035,90,225,405,315,
14,1035,90,225,405,315,
15,1035,90,225,405,315,
16,1035,90,225,405,315,
17,1035,90,225,405,315,
18,1035,90,225,405,315,
19,1035,90,225,405,315,
20,1035,90,225,405,315,
21,1035,90,225,405,315,
22,1035,90,225,405,315,
23,1035,90,225,405,315,
24,1035,90,225,405,315,
25,1035,90,225,405,315,
26,1035,90,225,405,315,
27,1035,90,225,405,315,
28,1035,90,225,405,315,
29,1035,90,225,405,315,
30,1035,90,225,405,315,
31,1035,90,225,405,315,
32,1035,90,225,405,315,
33,1035,90,225,405,315,
34,1035,90,225,405,315,
35,1035,90,225,405,315,
36,1035,90,225,405,315,
37,1035,90,225,405,315,
38,1035,90,225,405,315,
39,1035,90,225,405,315,
40,1035,90,225,405,315,
sim-number,population-size,num-grass,num-gentle,num-rugged,num-dunes,
0,1035,90,225,405,315,
1,1035,90,225,405,315,
2,1035,90,225,405,315,
3,1035,90,225,405,315,
4,1035,90,225,405,315,
5,1035,90,225,405,315,
6,1035,90,225,405,315,
7,1035,90,225,405,315,
8,1035,90,225,405,315,
9,1035,90,225,405,315,
10,1035,90,225,405,315,
11,1035,90,225,405,315,
12,1035,90,225,405,315,
13,1035,90,225,405,315,
14,1035,90,225,405,315,
15,1035,90,225,405,315,
16,1035,90,225,405,315,
17,1035,90,225,405,315,
18,1035,90,225,405,315,
19,1035,90,225,405,315,
20,1035,90,225,405,315,
21,1035,90,225,405,315,
22,1035,90,225,405,315,
23,1035,90,225,405,315,
24,1035,90,225,405,315,
25,1035,90,225,405,315,
26,1035,90,225,405,315,
27,1035,90,225,405,315,
28,1035,90,225,405,315,
29,1035,90,225,405,315,
30,1035,90,225,405,315,
31,1035,90,225,405,315,
32,1035,90,225,405,315,
33,1035,90,225,405,315,
34,1035,90,225,405,315,
35,1035,90,225,405,315,
36,1035,90,225,405,315,
37,1035,90,225,405,315,
38,1035,90,225,405,315,
39,1035,90,225,405,315,
40,1035,90,225,405,315,
41,1035,90,225,405,315,
42,1035,90,225,405,315,
43,1035,90,225,405,315,
44,1035,90,225,405,315,
45,1035,90,225,405,315,
46,1035,90,225,405,315,
47,1035,90,225,405,315,
48,1035,90,225,405,315,
49,1035,90,225,405,315,
50,1035,90,225,405,315,
51,1035,90,225,405,315,
52,1035,90,225,405,315,
53,1035,90,225,405,315,
54,1035,90,225,405,315,
55,1035,90,225,405,315,
56,1035,90,225,405,315,
57,1035,90,225,405,315,
58,1035,90,225,405,315,
59,1035,90,225,405,315,
60,1035,90,225,405,315,
61,1035,90,225,405,315,
62,1035,90,225,405,315,
63,1035,90,225,405,315,
64,1035,90,225,405,315,
65,1035,90,225,405,315,
66,1035,90,225,405,315,
67,1035,90,225,405,315,
68,1035,90,225,405,315,
69,1035,90,225,405,315,
70,1035,90,225,405,315,
71,1035,90,225,405,315,
72,1035,90,225,405,315,
73,1035,90,225,405,315,
74,1035,90,225,405,315,
75,1035,90,225,405,315,
76,1035,90,225,405,315,
77,1035,90,225,405,315,
78,1035,90,225,405,315,
79,1035,90,225,405,315,
80,1035,90,225,405,315,
81,1035,90,225,405,315,
82,1035,90,225,405,315,
83,1035,90,225,405,315,
84,1035,90,225,405,315,
85,1035,90,225,405,315,
86,1035,90,225,405,315,
87,1035,90,225,405,315,
88,1035,90,225,405,315,
89,1035,90,225,405,315,
90,1035,90,225,405,315,
91,1035,90,225,405,315,
92,1035,90,225,405,315,
93,1035,90,225,405,315,
94,1035,90,225,405,315,
95,1035,90,225,405,315,
96,1035,90,225,405,315,
97,1035,90,225,405,315,
98,1035,90,225,405,315,
99,1035,90,225,405,315,
100,1035,90,225,405,315,
101,1035,90,225,405,315,
102,1035,90,225,405,315,
103,1035,90,225,405,315,
104,1035,90,225,405,315,
105,1035,90,225,405,315,
106,1035,90,225,405,315,
107,1035,90,225,405,315,
108,1035,90,225,405,315,
109,1035,90,225,405,315,
110,1035,90,225,405,315,
111,1035,90,225,405,315,
112,1035,90,225,405,315,
113,1035,90,225,405,315,
114,1035,90,225,405,315,
115,1035,90,225,405,315,
116,1035,90,225,405,315,
117,1035,90,225,405,315,
118,1035,90,225,405,315,
119,1035,90,225,405,315,
120,1035,90,225,405,315,
121,1035,90,225,405,315,
122,1035,90,225,405,315,
123,1035,90,225,405,315,
124,1035,90,225,405,315,
125,1035,90,225,405,315,
126,1035,90,225,405,315,
127,1035,90,225,405,315,
128,1035,90,225,405,315,
129,1035,90,225,405,315,
130,1035,90,225,405,315,
131,1035,90,225,405,315,
132,1035,90,225,405,315,
133,1035,90,225,405,315,
134,1035,90,225,405,315,
135,1035,90,225,405,315,
136,1035,90,225,405,315,
137,1035,90,225,405,315,
138,1035,90,225,405,315,
139,1035,90,225,405,315,
140,1035,90,225,405,315,
sim-number,population-size,num-grass,num-gentle,num-rugged,num-dunes,
0,1035,90,225,405,315,
1,1035,90,225,405,315,
2,1035,90,225,405,315,
3,1035,90,225,405,315,
4,1035,90,225,405,315,
5,1035,90,225,405,315,
6,1035,90,225,405,315,
7,1035,90,225,405,315,
8,1035,90,225,405,315,
9,1035,90,225,405,315,
10,1035,90,225,405,315,
11,1035,90,225,405,315,
12,1035,90,225,405,315,
13,1035,90,225,405,315,
14,1035,90,225,405,315,
15,1035,90,225,405,315,
16,1035,90,225,405,315,
17,1035,90,225,405,315,
18,1035,90,225,405,315,
19,1035,90,225,405,315,
20,1035,90,225,405,315,
21,1035,90,225,405,315,
22,1035,90,225,405,315,
23,1035,90,225,405,315,
24,1035,90,225,405,315,
25,1035,90,225,405,315,
26,1035,90,225,405,315,
27,1035,90,225,405,315,
28,1035,90,225,405,315,
29,1035,90,225,405,315,
30,1035,90,225,405,315,
31,1035,90,225,405,315,
32,1035,90,225,405,315,
33,1035,90,225,405,315,
34,1035,90,225,405,315,
35,1035,90,225,405,315,
36,1035,90,225,405,315,
37,1035,90,225,405,315,
38,1035,90,225,405,315,
39,1035,90,225,405,315,
40,1035,90,225,405,315,
41,1035,90,225,405,315,
42,1035,90,225,405,315,
43,1035,90,225,405,315,
44,1035,90,225,405,315,
45,1035,90,225,405,315,
46,1035,90,225,405,315,
47,1035,90,225,405,315,
48,1035,90,225,405,315,
49,1035,90,225,405,315,
50,1035,90,225,405,315,
51,1035,90,225,405,315,
52,1035,90,225,405,315,
53,1035,90,225,405,315,
54,1035,90,225,405,315,
55,1035,90,225,405,315,
56,1035,90,225,405,315,
57,1035,90,225,405,315,
58,1035,90,225,405,315,
59,1035,90,225,405,315,
60,1035,90,225,405,315,
61,1035,90,225,405,315,
62,1035,90,225,405,315,
63,1035,90,225,405,315,
64,1035,90,225,405,315,
65,1035,90,225,405,315,
66,1035,90,225,405,315,
67,1035,90,225,405,315,
68,1035,90,225,405,315,
69,1035,90,225,405,315,
70,1035,90,225,405,315,
71,1035,90,225,405,315,
72,1035,90,225,405,315,
73,1035,90,225,405,315,
74,1035,90,225,405,315,
75,1035,90,225,405,315,
76,1035,90,225,405,315,
77,1035,90,225,405,315,
78,1035,90,225,405,315,
79,1035,90,225,405,315,
80,1035,90,225,405,315,
81,1035,90,225,405,315,
82,1035,90,225,405,315,
83,1035,90,225,405,315,
84,1035,90,225,405,315,
85,1035,90,225,405,315,
86,1035,90,225,405,315,
87,1035,90,225,405,315,
88,1035,90,225,405,315,
89,1035,90,225,405,315,
90,1035,90,225,405,315,
91,1035,90,225,405,315,
92,1035,90,225,405,315,
93,1035,90,225,405,315,
94,1035,90,225,405,315,
95,1035,90,225,405,315,
96,1035,90,225,405,315,
97,1035,90,225,405,315,
98,1035,90,225,405,315,
99,1035,90,225,405,315,
100,1035,90,225,405,315,
101,1035,90,225,405,315,
102,1035,90,225,405,315,
103,1035,90,225,405,315,
104,1035,90,225,405,315,
105,1035,90,225,405,315,
106,1035,90,225,405,315,
107,1035,90,225,405,315,
108,1035,90,225,405,315,
109,1035,90,225,405,315,
110,1035,90,225,405,315,
111,1035,90,225,405,315,
112,1035,90,225,405,315,
113,1035,90,225,405,315,
114,1035,90,225,405,315,
115,1035,90,225,405,315,
116,1035,90,225,405,315,
117,1035,90,225,405,315,
118,1035,90,225,405,315,
119,1035,90,225,405,315,
120,1035,90,225,405,315,
121,1035,90,225,405,315,
122,1035,90,225,405,315,
123,1035,90,225,405,315,
124,1035,90,225,405,315,
125,1035,90,225,405,315,
126,1035,90,225,405,315,
127,1035,90,225,405,315,
128,1035,90,225,405,315,
129,1035,90,225,405,315,
130,1035,90,225,405,315,
131,1035,90,225,405,315,
132,1035,90,225,405,315,
133,1035,90,225,405,315,
134,1035,90,225,405,315,
135,1035,90,225,405,315,
136,1035,90,225,405,315,
137,1035,90,225,405,315,
138,1035,90,225,405,315,
139,1035,90,225,405,315,
140,1035,90,225,405,315,
141,1035,90,225,405,315,
142,1035,90,225,405,315,
143,1035,90,225,405,315,
144,1035,90,225,405,315,
145,1035,90,225,405,315,
146,1035,90,225,405,315,
147,1035,90,225,405,315,
148,1035,90,225,405,315,
149,1035,90,225,405,315,
150,1035,90,225,405,315,
151,1035,90,225,405,315,
152,1035,90,225,405,315,
153,1035,90,225,405,315,
154,1035,90,225,405,315,
155,1035,90,225,405,315,
156,1035,90,225,405,315,
157,1035,90,225,405,315,
158,1035,90,225,405,315,
159,1035,90,225,405,315,
160,1035,90,225,405,315,
161,1035,90,225,405,315,
162,1035,90,225,405,315,
163,1035,90,225,405,315,
164,1035,90,225,405,315,
165,1035,90,225,405,315,
166,1035,90,225,405,315,
167,1035,90,225,405,315,
168,1035,90,225,405,315,
169,1035,90,225,405,315,
170,1035,90,225,405,315,
171,1035,90,225,405,315,
172,1035,90,225,405,315,
173,1035,90,225,405,315,
174,1035,90,225,405,315,
175,1035,90,225,405,315,
176,1035,90,225,405,315,
177,1035,90,225,405,315,
178,1035,90,225,405,315,
179,1035,90,225,405,315,
180,1035,90,225,405,315,
181,1035,90,225,405,315,
182,1035,90,225,405,315,
183,1035,90,225,405,315,
184,1035,90,225,405,315,
185,1035,90,225,405,315,
186,1035,90,225,405,315,
187,1035,90,225,405,315,
188,1035,90,225,405,315,
189,1035,90,225,405,315,
190,1035,90,225,405,315,
191,1035,90,225,405,315,
192,1035,90,225,405,315,
193,1035,90,225,405,315,
194,1035,90,225,405,315,
195,1035,90,225,405,315,
196,1035,90,225,405,315,
197,1035,90,225,405,315,
198,1035,90,225,405,315,
199,1035,90,225,405,315,
200,1035,90,225,405,315,
201,1035,90,225,405,315,
202,1035,90,225,405,315,
203,1035,90,225,405,315,
204,1035,90,225,405,315,
205,1035,90,225,405,315,
206,1035,90,225,405,315,
207,1035,90,225,405,315,
208,1035,90,225,405,315,
209,1035,90,225,405,315,
210,1035,90,225,405,315,
211,1035,90,225,405,315,
212,1035,90,225,405,315,
213,1035,90,225,405,315,
214,1035,90,225,405,315,
215,1035,90,225,405,315,
216,1035,90,225,405,315,
217,1035,90,225,405,315,
218,1035,90,225,405,315,
219,1035,90,225,405,315,
220,1035,90,225,405,315,
221,1035,90,225,405,315,
222,1035,90,225,405,315,
223,1035,90,225,405,315,
224,1035,90,225,405,315,
225,1035,90,225,405,315,
226,1035,90,225,405,315,
227,1035,90,225,405,315,
228,1035,90,225,405,315,
229,1035,90,225,405,315,
230,1035,90,225,405,315,
231,1035,90,225,405,315,
232,1035,90,225,405,315,
233,1035,90,225,405,315,
234,1035,90,225,405,315,
235,1035,90,225,405,315,
236,1035,90,225,405,315,
237,1035,90,225,405,315,
238,1035,90,225,405,315,
239,1035,90,225,405,315,
240,1035,90,225,405,315,
241,1035,90,225,405,315,
242,1035,90,225,405,315,
243,1035,90,225,405,315,
244,1035,90,225,405,315,
245,1035,90,225,405,315,
246,1035,90,225,405,315,
247,1035,90,225,405,315,
248,1035,90,225,405,315,
249,1035,90,225,405,315,
250,1035,90,225,405,315,
sim-number,population-size,num-grass,num-gentle,num-rugged,num-dunes,
0,1035,90,225,405,315,
sim-number,population-size,num-grass,num-gentle,num-rugged,num-dunes,
0,1035,90,225,405,315,
1,1035,90,225,405,315,
2,1035,90,225,405,315,
3,1035,90,225,405,315,
4,1035,90,225,405,315,
5,1035,90,225,405,315,
6,1035,90,225,405,315,
7,1035,90,225,405,315,
8,1035,90,225,405,315,
9,1035,90,225,405,315,
10,1035,90,225,405,315,
sim-number,population-size,num-grass,num-gentle,num-rugged,num-dunes,
0,1035,90,225,405,315,
1,1035,90,225,405,315,
2,1035,90,225,405,315,
3,1035,90,225,405,315,
4,1035,90,225,405,315,
5,1035,90,225,405,315,
6,1035,90,225,405,315,
7,1035,90,225,405,315,
8,1035,90,225,405,315,
9,1035,90,225,405,315,
10,1035,90,225,405,315,
11,1035,90,225,405,315,
12,1035,90,225,405,315,
13,1035,90,225,405,315,
14,1035,90,225,405,315,
15,1035,90,225,405,315,
16,1035,90,225,405,315,
17,1035,90,225,405,315,
18,1035,90,225,405,315,
19,1035,90,225,405,315,
20,1035,90,225,405,315,
21,1035,90,225,405,315,
22,1035,90,225,405,315,
23,1035,90,225,405,315,
24,1035,90,225,405,315,
25,1035,90,225,405,315,
26,1035,90,225,405,315,
27,1035,90,225,405,315,
28,1035,90,225,405,315,
29,1035,90,225,405,315,
30,1035,90,225,405,315,
31,1035,90,225,405,315,
32,1035,90,225,405,315,
33,1035,90,225,405,315,
34,1035,90,225,405,315,
35,1035,90,225,405,315,
36,1035,90,225,405,315,
37,1035,90,225,405,315,
38,1035,90,225,405,315,
39,1035,90,225,405,315,
40,1035,90,225,405,315,
41,1035,90,225,405,315,
42,1035,90,225,405,315,
43,1035,90,225,405,315,
44,1035,90,225,405,315,
45,1035,90,225,405,315,
46,1035,90,225,405,315,
47,1035,90,225,405,315,
48,1035,90,225,405,315,
49,1035,90,225,405,315,
50,1035,90,225,405,315,
51,1035,90,225,405,315,
52,1035,90,225,405,315,
53,1035,90,225,405,315,
54,1035,90,225,405,315,
55,1035,90,225,405,315,
56,1035,90,225,405,315,
57,1035,90,225,405,315,
58,1035,90,225,405,315,
59,1035,90,225,405,315,
60,1035,90,225,405,315,
61,1035,90,225,405,315,
62,1035,90,225,405,315,
63,1035,90,225,405,315,
64,1035,90,225,405,315,
65,1035,90,225,405,315,
66,1035,90,225,405,315,
67,1035,90,225,405,315,
68,1035,90,225,405,315,
69,1035,90,225,405,315,
70,1035,90,225,405,315,
71,1035,90,225,405,315,
72,1035,90,225,405,315,
73,1035,90,225,405,315,
74,1035,90,225,405,315,
75,1035,90,225,405,315,
76,1035,90,225,405,315,
77,1035,90,225,405,315,
78,1035,90,225,405,315,
79,1035,90,225,405,315,
80,1035,90,225,405,315,
81,1035,90,225,405,315,
82,1035,90,225,405,315,
83,1035,90,225,405,315,
84,1035,90,225,405,315,
85,1035,90,225,405,315,
86,1035,90,225,405,315,
87,1035,90,225,405,315,
88,1035,90,225,405,315,
89,1035,90,225,405,315,
90,1035,90,225,405,315,
91,1035,90,225,405,315,
92,1035,90,225,405,315,
93,1035,90,225,405,315,
94,1035,90,225,405,315,
95,1035,90,225,405,315,
96,1035,90,225,405,315,
97,1035,90,225,405,315,
98,1035,90,225,405,315,
99,1035,90,225,405,315,
100,1035,90,225,405,315,
101,1035,90,225,405,315,
102,1035,90,225,405,315,
103,1035,90,225,405,315,
104,1035,90,225,405,315,
105,1035,90,225,405,315,
106,1035,90,225,405,315,
107,1035,90,225,405,315,
108,1035,90,225,405,315,
109,1035,90,225,405,315,
110,1035,90,225,405,315,
111,1035,90,225,405,315,
112,1035,90,225,405,315,
113,1035,90,225,405,315,
114,1035,90,225,405,315,
115,1035,90,225,405,315,
116,1035,90,225,405,315,
117,1035,90,225,405,315,
118,1035,90,225,405,315,
119,1035,90,225,405,315,
120,1035,90,225,405,315,
121,1035,90,225,405,315,
122,1035,90,225,405,315,
123,1035,90,225,405,315,
124,1035,90,225,405,315,
125,1035,90,225,405,315,
126,1035,90,225,405,315,
127,1035,90,225,405,315,
128,1035,90,225,405,315,
129,1035,90,225,405,315,
130,1035,90,225,405,315,
131,1035,90,225,405,315,
132,1035,90,225,405,315,
133,1035,90,225,405,315,
134,1035,90,225,405,315,
135,1035,90,225,405,315,
136,1035,90,225,405,315,
137,1035,90,225,405,315,
138,1035,90,225,405,315,
139,1035,90,225,405,315,
140,1035,90,225,405,315,
141,1035,90,225,405,315,
142,1035,90,225,405,315,
143,1035,90,225,405,315,
144,1035,90,225,405,315,
145,1035,90,225,405,315,
146,1035,90,225,405,315,
147,1035,90,225,405,315,
148,1035,90,225,405,315,
149,1035,90,225,405,315,
150,1035,90,225,405,315,
151,1035,90,225,405,315,
152,1035,90,225,405,315,
153,1035,90,225,405,315,
154,1035,90,225,405,315,
155,1035,90,225,405,315,
156,1035,90,225,405,315,
157,1035,90,225,405,315,
158,1035,90,225,405,315,
159,1035,90,225,405,315,
160,1035,90,225,405,315,
161,1035,90,225,405,315,
162,1035,90,225,405,315,
163,1035,90,225,405,315,
164,1035,90,225,405,315,
165,1035,90,225,405,315,
166,1035,90,225,405,315,
167,1035,90,225,405,315,
168,1035,90,225,405,315,
169,1035,90,225,405,315,
170,1035,90,225,405,315,
171,1035,90,225,405,315,
172,1035,90,225,405,315,
173,1035,90,225,405,315,
174,1035,90,225,405,315,
175,1035,90,225,405,315,
176,1035,90,225,405,315,
177,1035,90,225,405,315,
178,1035,90,225,405,315,
179,1035,90,225,405,315,
180,1035,90,225,405,315,
181,1035,90,225,405,315,
182,1035,90,225,405,315,
183,1035,90,225,405,315,
184,1035,90,225,405,315,
185,1035,90,225,405,315,
186,1035,90,225,405,315,
187,1035,90,225,405,315,
188,1035,90,225,405,315,
189,1035,90,225,405,315,
190,1035,90,225,405,315,
191,1035,90,225,405,315,
192,1035,90,225,405,315,
193,1035,90,225,405,315,
194,1035,90,225,405,315,
195,1035,90,225,405,315,
196,1035,90,225,405,315,
197,1035,90,225,405,315,
198,1035,90,225,405,315,
199,1035,90,225,405,315,
200,1035,90,225,405,315,
201,1035,90,225,405,315,
202,1035,90,225,405,315,
203,1035,90,225,405,315,
204,1035,90,225,405,315,
205,1035,90,225,405,315,
206,1035,90,225,405,315,
207,1035,90,225,405,315,
208,1035,90,225,405,315,
209,1035,90,225,405,315,
210,1035,90,225,405,315,
211,1035,90,225,405,315,
212,1035,90,225,405,315,
213,1035,90,225,405,315,
214,1035,90,225,405,315,
215,1035,90,225,405,315,
216,1035,90,225,405,315,
217,1035,90,225,405,315,
218,1035,90,225,405,315,
219,1035,90,225,405,315,
220,1035,90,225,405,315,
221,1035,90,225,405,315,
222,1035,90,225,405,315,
223,1035,90,225,405,315,
224,1035,90,225,405,315,
225,1035,90,225,405,315,
226,1035,90,225,405,315,
227,1035,90,225,405,315,
228,1035,90,225,405,315,
229,1035,90,225,405,315,
230,1035,90,225,405,315,
231,1035,90,225,405,315,
232,1035,90,225,405,315,
233,1035,90,225,405,315,
234,1035,90,225,405,315,
235,1035,90,225,405,315,
236,1035,90,225,405,315,
237,1035,90,225,405,315,
238,1035,90,225,405,315,
239,1035,90,225,405,315,
240,1035,90,225,405,315,
241,1035,90,225,405,315,
242,1035,90,225,405,315,
243,1035,90,225,405,315,
244,1035,90,225,405,315,
245,1035,90,225,405,315,
246,1035,90,225,405,315,
247,1035,90,225,405,315,
248,1035,90,225,405,315,
249,1035,90,225,405,315,
250,1035,90,225,405,315,
251,1035,90,225,405,315,
252,1035,90,225,405,315,
253,1035,90,225,405,315,
254,1035,90,225,405,315,
255,1035,90,225,405,315,
256,1035,90,225,405,315,
257,1035,90,225,405,315,
258,1035,90,225,405,315,
259,1035,90,225,405,315,
260,1035,90,225,405,315,
261,1035,90,225,405,315,
262,1035,90,225,405,315,
263,1035,90,225,405,315,
264,1035,90,225,405,315,
265,1035,90,225,405,315,
266,1035,90,225,405,315,
267,1035,90,225,405,315,
268,1035,90,225,405,315,
269,1035,90,225,405,315,
270,1035,90,225,405,315,
271,1035,90,225,405,315,
272,1035,90,225,405,315,
273,1035,90,225,405,315,
274,1035,90,225,405,315,
275,1035,90,225,405,315,
276,1035,90,225,405,315,
277,1035,90,225,405,315,
278,1035,90,225,405,315,
279,1035,90,225,405,315,
280,1035,90,225,405,315,
281,1035,90,225,405,315,
282,1035,90,225,405,315,
283,1035,90,225,405,315,
284,1035,90,225,405,315,
285,1035,90,225,405,315,
286,1035,90,225,405,315,
287,1035,90,225,405,315,
288,1035,90,225,405,315,
289,1035,90,225,405,315,
290,1035,90,225,405,315,
291,1035,90,225,405,315,
292,1035,90,225,405,315,
293,1035,90,225,405,315,
294,1035,90,225,405,315,
295,1035,90,225,405,315,
296,1035,90,225,405,315,
297,1035,90,225,405,315,
298,1035,90,225,405,315,
299,1035,90,225,405,315,
300,1035,90,225,405,315,
301,1035,90,225,405,315,
302,1035,90,225,405,315,
303,1035,90,225,405,315,
304,1035,90,225,405,315,
305,1035,90,225,405,315,
306,1035,90,225,405,315,
307,1035,90,225,405,315,
308,1035,90,225,405,315,
309,1035,90,225,405,315,
310,1035,90,225,405,315,
311,1035,90,225,405,315,
312,1035,90,225,405,315,
313,1035,90,225,405,315,
314,1035,90,225,405,315,
315,1035,90,225,405,315,
316,1035,90,225,405,315,
317,1035,90,225,405,315,
318,1035,90,225,405,315,
319,1035,90,225,405,315,
320,1035,90,225,405,315,
321,1035,90,225,405,315,
322,1035,90,225,405,315,
323,1035,90,225,405,315,
324,1035,90,225,405,315,
325,1035,90,225,405,315,
326,1035,90,225,405,315,
327,1035,90,225,405,315,
328,1035,90,225,405,315,
329,1035,90,225,405,315,
330,1035,90,225,405,315,
331,1035,90,225,405,315,
332,1035,90,225,405,315,
333,1035,90,225,405,315,
334,1035,90,225,405,315,
335,1035,90,225,405,315,
336,1035,90,225,405,315,
337,1035,90,225,405,315,
338,1035,90,225,405,315,
339,1035,90,225,405,315,
340,1035,90,225,405,315,
341,1035,90,225,405,315,
342,1035,90,225,405,315,
343,1035,90,225,405,315,
344,1035,90,225,405,315,
345,1035,90,225,405,315,
346,1035,90,225,405,315,
347,1035,90,225,405,315,
348,1035,90,225,405,315,
349,1035,90,225,405,315,
350,1035,90,225,405,315,
351,1035,90,225,405,315,
352,1035,90,225,405,315,
353,1035,90,225,405,315,
354,1035,90,225,405,315,
355,1035,90,225,405,315,
356,1035,90,225,405,315,
357,1035,90,225,405,315,
358,1035,90,225,405,315,
359,1035,90,225,405,315,
360,1035,90,225,405,315,
361,1035,90,225,405,315,
362,1035,90,225,405,315,
363,1035,90,225,405,315,
364,1035,90,225,405,315,
365,1035,90,225,405,315,
366,1035,90,225,405,315,
367,1035,90,225,405,315,
368,1035,90,225,405,315,
369,1035,90,225,405,315,
370,1035,90,225,405,315,
371,1035,90,225,405,315,
372,1035,90,225,405,315,
373,1035,90,225,405,315,
374,1035,90,225,405,315,
375,1035,90,225,405,315,
376,1035,90,225,405,315,
377,1035,90,225,405,315,
378,1035,90,225,405,315,
379,1035,90,225,405,315,
380,1035,90,225,405,315,
381,1035,90,225,405,315,
382,1035,90,225,405,315,
383,1035,90,225,405,315,
384,1035,90,225,405,315,
385,1035,90,225,405,315,
386,1035,90,225,405,315,
387,1035,90,225,405,315,
388,1035,90,225,405,315,
389,1035,90,225,405,315,
390,1035,90,225,405,315,
391,1035,90,225,405,315,
392,1035,90,225,405,315,
393,1035,90,225,405,315,
394,1035,90,225,405,315,
395,1035,90,225,405,315,
396,1035,90,225,405,315,
397,1035,90,225,405,315,
398,1035,90,225,405,315,
399,1035,90,225,405,315,
400,1035,90,225,405,315,
401,1035,90,225,405,315,
402,1035,90,225,405,315,
403,1035,90,225,405,315,
404,1035,90,225,405,315,
405,1035,90,225,405,315,
406,1035,90,225,405,315,
407,1035,90,225,405,315,
408,1035,90,225,405,315,
409,1035,90,225,405,315,
410,1035,90,225,405,315,
411,1035,90,225,405,315,
412,1035,90,225,405,315,
413,1035,90,225,405,315,
414,1035,90,225,405,315,
415,1035,90,225,405,315,
416,1035,90,225,405,315,
417,1035,90,225,405,315,
418,1035,90,225,405,315,
419,1035,90,225,405,315,
420,1035,90,225,405,315,
421,1035,90,225,405,315,
422,1035,90,225,405,315,
423,1035,90,225,405,315,
424,1035,90,225,405,315,
425,1035,90,225,405,315,
426,1035,90,225,405,315,
427,1035,90,225,405,315,
428,1035,90,225,405,315,
429,1035,90,225,405,315,
430,1035,90,225,405,315,
431,1035,90,225,405,315,
432,1035,90,225,405,315,
433,1035,90,225,405,315,
434,1035,90,225,405,315,
435,1035,90,225,405,315,
436,1035,90,225,405,315,
437,1035,90,225,405,315,
438,1035,90,225,405,315,
439,1035,90,225,405,315,
440,1035,90,225,405,315,
441,1035,90,225,405,315,
442,1035,90,225,405,315,
443,1035,90,225,405,315,
444,1035,90,225,405,315,
445,1035,90,225,405,315,
446,1035,90,225,405,315,
447,1035,90,225,405,315,
448,1035,90,225,405,315,
449,1035,90,225,405,315,
450,1035,90,225,405,315,
451,1035,90,225,405,315,
452,1035,90,225,405,315,
453,1035,90,225,405,315,
454,1035,90,225,405,315,
455,1035,90,225,405,315,
456,1035,90,225,405,315,
457,1035,90,225,405,315,
458,1035,90,225,405,315,
459,1035,90,225,405,315,
460,1035,90,225,405,315,
461,1035,90,225,405,315,
462,1035,90,225,405,315,
463,1035,90,225,405,315,
464,1035,90,225,405,315,
465,1035,90,225,405,315,
466,1035,90,225,405,315,
467,1035,90,225,405,315,
468,1035,90,225,405,315,
469,1035,90,225,405,315,
470,1035,90,225,405,315,
471,1035,90,225,405,315,
472,1035,90,225,405,315,
473,1035,90,225,405,315,
474,1035,90,225,405,315,
475,1035,90,225,405,315,
476,1035,90,225,405,315,
477,1035,90,225,405,315,
478,1035,90,225,405,315,
479,1035,90,225,405,315,
480,1035,90,225,405,315,
481,1035,90,225,405,315,
482,1035,90,225,405,315,
483,1035,90,225,405,315,
484,1035,90,225,405,315,
485,1035,90,225,405,315,
486,1035,90,225,405,315,
487,1035,90,225,405,315,
488,1035,90,225,405,315,
489,1035,90,225,405,315,
490,1035,90,225,405,315,
491,1035,90,225,405,315,
492,1035,90,225,405,315,
493,1035,90,225,405,315,
494,1035,90,225,405,315,
495,1035,90,225,405,315,
496,1035,90,225,405,315,
497,1035,90,225,405,315,
498,1035,90,225,405,315,
499,1035,90,225,405,315,
500,1035,90,225,405,315,
501,1035,90,225,405,315,
502,1035,90,225,405,315,
503,1035,90,225,405,315,
504,1035,90,225,405,315,
505,1035,90,225,405,315,
506,1035,90,225,405,315,
507,1035,90,225,405,315,
508,1035,90,225,405,315,
509,1035,90,225,405,315,
510,1035,90,225,405,315,
511,1035,90,225,405,315,
512,1035,90,225,405,315,
513,1035,90,225,405,315,
514,1035,90,225,405,315,
515,1035,90,225,405,315,
516,1035,90,225,405,315,
517,1035,90,225,405,315,
518,1035,90,225,405,315,
519,1035,90,225,405,315,
520,1035,90,225,405,315,
521,1035,90,225,405,315,
522,1035,90,225,405,315,
523,1035,90,225,405,315,
524,1035,90,225,405,315,
525,1035,90,225,405,315,
526,1035,90,225,405,315,
527,1035,90,225,405,315,
528,1035,90,225,405,315,
529,1035,90,225,405,315,
530,1035,90,225,405,315,
531,1035,90,225,405,315,
532,1035,90,225,405,315,
533,1035,90,225,405,315,
534,1035,90,225,405,315,
535,1035,90,225,405,315,
536,1035,90,225,405,315,
537,1035,90,225,405,315,
538,1035,90,225,405,315,
539,1035,90,225,405,315,
540,1035,90,225,405,315,
541,1035,90,225,405,315,
542,1035,90,225,405,315,
543,1035,90,225,405,315,
544,1035,90,225,405,315,
545,1035,90,225,405,315,
546,1035,90,225,405,315,
547,1035,90,225,405,315,
548,1035,90,225,405,315,
549,1035,90,225,405,315,
550,1035,90,225,405,315,
551,1035,90,225,405,315,
552,1035,90,225,405,315,
553,1035,90,225,405,315,
554,1035,90,225,405,315,
555,1035,90,225,405,315,
556,1035,90,225,405,315,
557,1035,90,225,405,315,
558,1035,90,225,405,315,
559,1035,90,225,405,315,
560,1035,90,225,405,315,
561,1035,90,225,405,315,
562,1035,90,225,405,315,
563,1035,90,225,405,315,
564,1035,90,225,405,315,
565,1035,90,225,405,315,
566,1035,90,225,405,315,
567,1035,90,225,405,315,
568,1035,90,225,405,315,
569,1035,90,225,405,315,
570,1035,90,225,405,315,
571,1035,90,225,405,315,
572,1035,90,225,405,315,
573,1035,90,225,405,315,
574,1035,90,225,405,315,
575,1035,90,225,405,315,
576,1035,90,225,405,315,
577,1035,90,225,405,315,
578,1035,90,225,405,315,
579,1035,90,225,405,315,
580,1035,90,225,405,315,
581,1035,90,225,405,315,
582,1035,90,225,405,315,
583,1035,90,225,405,315,
584,1035,90,225,405,315,
585,1035,90,225,405,315,
586,1035,90,225,405,315,
587,1035,90,225,405,315,
588,1035,90,225,405,315,
589,1035,90,225,405,315,
590,1035,90,225,405,315,
591,1035,90,225,405,315,
592,1035,90,225,405,315,
593,1035,90,225,405,315,
594,1035,90,225,405,315,
595,1035,90,225,405,315,
596,1035,90,225,405,315,
597,1035,90,225,405,315,
598,1035,90,225,405,315,
599,1035,90,225,405,315,
600,1035,90,225,405,315,
sim-number,population-size,num-grass,num-gentle,num-rugged,num-dunes,
0,1035,90,225,405,315,
1,1035,90,225,405,315,
2,1035,90,225,405,315,
3,1035,90,225,405,315,
4,1035,90,225,405,315,
5,1035,90,225,405,315,
6,1035,90,225,405,315,
7,1035,90,225,405,315,
8,1035,90,225,405,315,
9,1035,90,225,405,315,
10,1035,90,225,405,315,
11,1035,90,225,405,315,
12,1035,90,225,405,315,
13,1035,90,225,405,315,
14,1035,90,225,405,315,
15,1035,90,225,405,315,
16,1035,90,225,405,315,
17,1035,90,225,405,315,
18,1035,90,225,405,315,
19,1035,90,225,405,315,
20,1035,90,225,405,315,
sim-number,population-size,num-grass,num-gentle,num-rugged,num-dunes,
0,1035,90,225,405,315,
1,1035,90,225,405,315,
2,1035,90,225,405,315,
3,1035,90,225,405,315,
4,1035,90,225,405,315,
5,1035,90,225,405,315,
6,1035,90,225,405,315,
7,1035,90,225,405,315,
8,1035,90,225,405,315,
9,1035,90,225,405,315,
10,1035,90,225,405,315,
11,1035,90,225,405,315,
12,1035,90,225,405,315,
13,1035,90,225,405,315,
14,1035,90,225,405,315,
15,1035,90,225,405,315,
16,1035,90,225,405,315,
17,1035,90,225,405,315,
18,1035,90,225,405,315,
19,1035,90,225,405,315,
20,1035,90,225,405,315,
21,1035,90,225,405,315,
22,1035,90,225,405,315,
23,1035,90,225,405,315,
24,1035,90,225,405,315,
25,1035,90,225,405,315,
26,1035,90,225,405,315,
27,1035,90,225,405,315,
28,1035,90,225,405,315,
29,1035,90,225,405,315,
30,1035,90,225,405,315,
31,1035,90,225,405,315,
32,1035,90,225,405,315,
33,1035,90,225,405,315,
34,1035,90,225,405,315,
35,1035,90,225,405,315,
36,1035,90,225,405,315,
37,1035,90,225,405,315,
38,1035,90,225,405,315,
39,1035,90,225,405,315,
40,1035,90,225,405,315,
sim-number,population-size,num-grass,num-gentle,num-rugged,num-dunes,
0,1035,90,225,405,315,
1,1035,90,225,405,315,
2,1035,90,225,405,315,
3,1035,90,225,405,315,
4,1035,90,225,405,315,
5,1035,90,225,405,315,
6,1035,90,225,405,315,
7,1035,90,225,405,315,
8,1035,90,225,405,315,
9,1035,90,225,405,315,
10,1035,90,225,405,315,
11,1035,90,225,405,315,
12,1035,90,225,405,315,
13,1035,90,225,405,315,
14,1035,90,225,405,315,
15,1035,90,225,405,315,
16,1035,90,225,405,315,
17,1035,90,225,405,315,
18,1035,90,225,405,315,
19,1035,90,225,405,315,
20,1035,90,225,405,315,
21,1035,90,225,405,315,
22,1035,90,225,405,315,
23,1035,90,225,405,315,
24,1035,90,225,405,315,
25,1035,90,225,405,315,
26,1035,90,225,405,315,
27,1035,90,225,405,315,
28,1035,90,225,405,315,
29,1035,90,225,405,315,
30,1035,90,225,405,315,
31,1035,90,225,405,315,
32,1035,90,225,405,315,
33,1035,90,225,405,315,
34,1035,90,225,405,315,
35,1035,90,225,405,315,
36,1035,90,225,405,315,
37,1035,90,225,405,315,
38,1035,90,225,405,315,
39,1035,90,225,405,315,
40,1035,90,225,405,315,
sim-number,population-size,num-grass,num-gentle,num-rugged,num-dunes,
0,1035,90,225,405,315,
1,1035,90,225,405,315,
2,1035,90,225,405,315,
3,1035,90,225,405,315,
4,1035,90,225,405,315,
5,1035,90,225,405,315,
6,1035,90,225,405,315,
7,1035,90,225,405,315,
8,1035,90,225,405,315,
9,1035,90,225,405,315,
10,1035,90,225,405,315,
11,1035,90,225,405,315,
12,1035,90,225,405,315,
13,1035,90,225,405,315,
14,1035,90,225,405,315,
15,1035,90,225,405,315,
16,1035,90,225,405,315,
17,1035,90,225,405,315,
18,1035,90,225,405,315,
19,1035,90,225,405,315,
20,1035,90,225,405,315,
21,1035,90,225,405,315,
22,1035,90,225,405,315,
23,1035,90,225,405,315,
24,1035,90,225,405,315,
25,1035,90,225,405,315,
26,1035,90,225,405,315,
27,1035,90,225,405,315,
28,1035,90,225,405,315,
29,1035,90,225,405,315,
30,1035,90,225,405,315,
31,1035,90,225,405,315,
32,1035,90,225,405,315,
33,1035,90,225,405,315,
34,1035,90,225,405,315,
35,1035,90,225,405,315,
36,1035,90,225,405,315,
37,1035,90,225,405,315,
38,1035,90,225,405,315,
39,1035,90,225,405,315,
40,1035,90,225,405,315,
41,1035,90,225,405,315,
42,1035,90,225,405,315,
43,1035,90,225,405,315,
44,1035,90,225,405,315,
45,1035,90,225,405,315,
46,1035,90,225,405,315,
47,1035,90,225,405,315,
48,1035,90,225,405,315,
49,1035,90,225,405,315,
50,1035,90,225,405,315,
sim-number,population-size,num-grass,num-gentle,num-rugged,num-dunes,
0,1035,90,225,405,315,
1,1035,90,225,405,315,
2,1035,90,225,405,315,
3,1035,90,225,405,315,
4,1035,90,225,405,315,
5,1035,90,225,405,315,
6,1035,90,225,405,315,
7,1035,90,225,405,315,
8,1035,90,225,405,315,
9,1035,90,225,405,315,
10,1035,90,225,405,315,
sim-number,population-size,num-grass,num-gentle,num-rugged,num-dunes,
sim-number,population-size,num-grass,num-gentle,num-rugged,num-dunes,
sim-number,population-size,num-grass,num-gentle,num-rugged,num-dunes,
0,1035,90,225,405,315,
1,1035,90,225,405,315,
2,1035,90,225,405,315,
3,1035,90,225,405,315,
4,1035,90,225,405,315,
5,1035,90,225,405,315,
6,1035,90,225,405,315,
7,1035,90,225,405,315,
8,1035,90,225,405,315,
9,1035,90,225,405,315,
10,1035,90,225,405,315,
11,1035,90,225,405,315,
12,1035,90,225,405,315,
13,1035,90,225,405,315,
14,1035,90,225,405,315,
15,1035,90,225,405,315,
16,1035,90,225,405,315,
17,1035,90,225,405,315,
18,1035,90,225,405,315,
19,1035,90,225,405,315,
20,1035,90,225,405,315,
sim-number,population-size,num-grass,num-gentle,num-rugged,num-dunes,
0,1035,90,225,405,315,
1,1035,90,225,405,315,
2,1035,90,225,405,315,
3,1035,90,225,405,315,
4,1035,90,225,405,315,
5,1035,90,225,405,315,
6,1035,90,225,405,315,
7,1035,90,225,405,315,
8,1035,90,225,405,315,
9,1035,90,225,405,315,
10,1035,90,225,405,315,
sim-number,population-size,num-grass,num-gentle,num-rugged,num-dunes,
0,1035,90,225,405,315,
1,1035,90,225,405,315,
2,1035,90,225,405,315,
3,1035,90,225,405,315,
4,1035,90,225,405,315,
5,1035,90,225,405,315,
6,1035,90,225,405,315,
7,1035,90,225,405,315,
8,1035,90,225,405,315,
9,1035,90,225,405,315,
10,1035,90,225,405,315,
11,1035,90,225,405,315,
12,1035,90,225,405,315,
13,1035,90,225,405,315,
14,1035,90,225,405,315,
15,1035,90,225,405,315,
16,1035,90,225,405,315,
17,1035,90,225,405,315,
18,1035,90,225,405,315,
19,1035,90,225,405,315,
20,1035,90,225,405,315,
21,1035,90,225,405,315,
22,1035,90,225,405,315,
23,1035,90,225,405,315,
24,1035,90,225,405,315,
25,1035,90,225,405,315,
26,1035,90,225,405,315,
27,1035,90,225,405,315,
28,1035,90,225,405,315,
29,1035,90,225,405,315,
30,1035,90,225,405,315,
31,1035,90,225,405,315,
32,1035,90,225,405,315,
33,1035,90,225,405,315,
34,1035,90,225,405,315,
35,1035,90,225,405,315,
36,1035,90,225,405,315,
37,1035,90,225,405,315,
38,1035,90,225,405,315,
39,1035,90,225,405,315,
40,1035,90,225,405,315,
41,1035,90,225,405,315,
42,1035,90,225,405,315,
43,1035,90,225,405,315,
44,1035,90,225,405,315,
45,1035,90,225,405,315,
46,1035,90,225,405,315,
47,1035,90,225,405,315,
48,1035,90,225,405,315,
49,1035,90,225,405,315,
50,1035,90,225,405,315,
51,1035,90,225,405,315,
52,1035,90,225,405,315,
53,1035,90,225,405,315,
54,1035,90,225,405,315,
55,1035,90,225,405,315,
56,1035,90,225,405,315,
57,1035,90,225,405,315,
58,1035,90,225,405,315,
59,1035,90,225,405,315,
60,1035,90,225,405,315,
61,1035,90,225,405,315,
62,1035,90,225,405,315,
63,1035,90,225,405,315,
64,1035,90,225,405,315,
65,1035,90,225,405,315,
66,1035,90,225,405,315,
67,1035,90,225,405,315,
68,1035,90,225,405,315,
69,1035,90,225,405,315,
70,1035,90,225,405,315,
71,1035,90,225,405,315,
72,1035,90,225,405,315,
73,1035,90,225,405,315,
74,1035,90,225,405,315,
75,1035,90,225,405,315,
76,1035,90,225,405,315,
77,1035,90,225,405,315,
78,1035,90,225,405,315,
79,1035,90,225,405,315,
80,1035,90,225,405,315,
81,1035,90,225,405,315,
82,1035,90,225,405,315,
83,1035,90,225,405,315,
84,1035,90,225,405,315,
85,1035,90,225,405,315,
86,1035,90,225,405,315,
87,1035,90,225,405,315,
88,1035,90,225,405,315,
89,1035,90,225,405,315,
90,1035,90,225,405,315,
91,1035,90,225,405,315,
92,1035,90,225,405,315,
93,1035,90,225,405,315,
94,1035,90,225,405,315,
95,1035,90,225,405,315,
96,1035,90,225,405,315,
97,1035,90,225,405,315,
98,1035,90,225,405,315,
99,1035,90,225,405,315,
100,1035,90,225,405,315,
101,1035,90,225,405,315,
102,1035,90,225,405,315,
103,1035,90,225,405,315,
104,1035,90,225,405,315,
105,1035,90,225,405,315,
106,1035,90,225,405,315,
107,1035,90,225,405,315,
108,1035,90,225,405,315,
109,1035,90,225,405,315,
110,1035,90,225,405,315,
111,1035,90,225,405,315,
112,1035,90,225,405,315,
113,1035,90,225,405,315,
114,1035,90,225,405,315,
115,1035,90,225,405,315,
116,1035,90,225,405,315,
117,1035,90,225,405,315,
118,1035,90,225,405,315,
119,1035,90,225,405,315,
120,1035,90,225,405,315,
121,1035,90,225,405,315,
122,1035,90,225,405,315,
123,1035,90,225,405,315,
124,1035,90,225,405,315,
125,1035,90,225,405,315,
126,1035,90,225,405,315,
127,1035,90,225,405,315,
128,1035,90,225,405,315,
129,1035,90,225,405,315,
130,1035,90,225,405,315,
131,1035,90,225,405,315,
132,1035,90,225,405,315,
133,1035,90,225,405,315,
134,1035,90,225,405,315,
135,1035,90,225,405,315,
136,1035,90,225,405,315,
137,1035,90,225,405,315,
138,1035,90,225,405,315,
139,1035,90,225,405,315,
140,1035,90,225,405,315,
141,1035,90,225,405,315,
142,1035,90,225,405,315,
143,1035,90,225,405,315,
144,1035,90,225,405,315,
145,1035,90,225,405,315,
146,1035,90,225,405,315,
147,1035,90,225,405,315,
148,1035,90,225,405,315,
149,1035,90,225,405,315,
150,1035,90,225,405,315,
sim-number,population-size,num-grass,num-gentle,num-rugged,num-dunes,
sim-number,population-size,num-grass,num-gentle,num-rugged,num-dunes,
0,518,45,112,203,158,
1,518,45,112,203,158,
2,518,45,112,203,158,
3,518,45,112,203,158,
4,518,45,112,203,158,
5,518,45,112,203,158,
6,518,45,112,203,158,
7,518,45,112,203,158,
8,518,45,112,203,158,
9,518,45,112,203,158,
10,518,45,112,203,158,
sim-number,population-size,num-grass,num-gentle,num-rugged,num-dunes,
sim-number,population-size,num-grass,num-gentle,num-rugged,num-dunes,
0,518,45,112,203,158,
1,518,45,112,203,158,
2,518,45,112,203,158,
3,518,45,112,203,158,
4,518,45,112,203,158,
5,518,45,112,203,158,
6,518,45,112,203,158,
7,518,45,112,203,158,
8,518,45,112,203,158,
9,518,45,112,203,158,
10,518,45,112,203,158,
11,518,45,112,203,158,
12,518,45,112,203,158,
13,518,45,112,203,158,
14,518,45,112,203,158,
15,518,45,112,203,158,
16,518,45,112,203,158,
17,518,45,112,203,158,
18,518,45,112,203,158,
19,518,45,112,203,158,
20,518,45,112,203,158,
21,518,45,112,203,158,
22,518,45,112,203,158,
23,518,45,112,203,158,
24,518,45,112,203,158,
25,518,45,112,203,158,
26,518,45,112,203,158,
27,518,45,112,203,158,
28,518,45,112,203,158,
29,518,45,112,203,158,
30,518,45,112,203,158,
31,518,45,112,203,158,
32,518,45,112,203,158,
33,518,45,112,203,158,
34,518,45,112,203,158,
35,518,45,112,203,158,
36,518,45,112,203,158,
37,518,45,112,203,158,
38,518,45,112,203,158,
39,518,45,112,203,158,
40,518,45,112,203,158,
41,518,45,112,203,158,
42,518,45,112,203,158,
43,518,45,112,203,158,
44,518,45,112,203,158,
45,518,45,112,203,158,
46,518,45,112,203,158,
47,518,45,112,203,158,
48,518,45,112,203,158,
49,518,45,112,203,158,
50,518,45,112,203,158,
51,518,45,112,203,158,
52,518,45,112,203,158,
53,518,45,112,203,158,
54,518,45,112,203,158,
55,518,45,112,203,158,
56,518,45,112,203,158,
57,518,45,112,203,158,
58,518,45,112,203,158,
59,518,45,112,203,158,
60,518,45,112,203,158,
61,518,45,112,203,158,
62,518,45,112,203,158,
63,518,45,112,203,158,
64,518,45,112,203,158,
65,518,45,112,203,158,
66,518,45,112,203,158,
67,518,45,112,203,158,
68,518,45,112,203,158,
69,518,45,112,203,158,
70,518,45,112,203,158,
71,518,45,112,203,158,
72,518,45,112,203,158,
73,518,45,112,203,158,
74,518,45,112,203,158,
75,518,45,112,203,158,
76,518,45,112,203,158,
77,518,45,112,203,158,
78,518,45,112,203,158,
79,518,45,112,203,158,
80,518,45,112,203,158,
81,518,45,112,203,158,
82,518,45,112,203,158,
83,518,45,112,203,158,
84,518,45,112,203,158,
85,518,45,112,203,158,
86,518,45,112,203,158,
87,518,45,112,203,158,
88,518,45,112,203,158,
89,518,45,112,203,158,
90,518,45,112,203,158,
91,518,45,112,203,158,
92,518,45,112,203,158,
93,518,45,112,203,158,
94,518,45,112,203,158,
95,518,45,112,203,158,
96,518,45,112,203,158,
97,518,45,112,203,158,
98,518,45,112,203,158,
99,518,45,112,203,158,
100,518,45,112,203,158,
101,518,45,112,203,158,
102,518,45,112,203,158,
103,518,45,112,203,158,
104,518,45,112,203,158,
105,518,45,112,203,158,
106,518,45,112,203,158,
107,518,45,112,203,158,
108,518,45,112,203,158,
109,518,45,112,203,158,
110,518,45,112,203,158,
111,518,45,112,203,158,
112,518,45,112,203,158,
113,518,45,112,203,158,
114,518,45,112,203,158,
115,518,45,112,203,158,
116,518,45,112,203,158,
117,518,45,112,203,158,
118,518,45,112,203,158,
119,518,45,112,203,158,
120,518,45,112,203,158,
121,518,45,112,203,158,
122,518,45,112,203,158,
123,518,45,112,203,158,
124,518,45,112,203,158,
125,518,45,112,203,158,
126,518,45,112,203,158,
127,518,45,112,203,158,
128,518,45,112,203,158,
129,518,45,112,203,158,
130,518,45,112,203,158,
131,518,45,112,203,158,
132,518,45,112,203,158,
133,518,45,112,203,158,
134,518,45,112,203,158,
135,518,45,112,203,158,
136,518,45,112,203,158,
137,518,45,112,203,158,
138,518,45,112,203,158,
139,518,45,112,203,158,
140,518,45,112,203,158,
141,518,45,112,203,158,
142,518,45,112,203,158,
143,518,45,112,203,158,
144,518,45,112,203,158,
145,518,45,112,203,158,
146,518,45,112,203,158,
147,518,45,112,203,158,
148,518,45,112,203,158,
149,518,45,112,203,158,
150,518,45,112,203,158,
151,518,45,112,203,158,
152,518,45,112,203,158,
153,518,45,112,203,158,
154,518,45,112,203,158,
155,518,45,112,203,158,
156,518,45,112,203,158,
157,518,45,112,203,158,
158,518,45,112,203,158,
159,518,45,112,203,158,
160,518,45,112,203,158,
161,518,45,112,203,158,
162,518,45,112,203,158,
163,518,45,112,203,158,
164,518,45,112,203,158,
165,518,45,112,203,158,
166,518,45,112,203,158,
167,518,45,112,203,158,
168,518,45,112,203,158,
169,518,45,112,203,158,
170,518,45,112,203,158,
171,518,45,112,203,158,
172,518,45,112,203,158,
173,518,45,112,203,158,
174,518,45,112,203,158,
175,518,45,112,203,158,
176,518,45,112,203,158,
177,518,45,112,203,158,
178,518,45,112,203,158,
179,518,45,112,203,158,
180,518,45,112,203,158,
181,518,45,112,203,158,
182,518,45,112,203,158,
183,518,45,112,203,158,
184,518,45,112,203,158,
185,518,45,112,203,158,
186,518,45,112,203,158,
187,518,45,112,203,158,
188,518,45,112,203,158,
189,518,45,112,203,158,
190,518,45,112,203,158,
191,518,45,112,203,158,
192,518,45,112,203,158,
193,518,45,112,203,158,
194,518,45,112,203,158,
195,518,45,112,203,158,
196,518,45,112,203,158,
197,518,45,112,203,158,
198,518,45,112,203,158,
199,518,45,112,203,158,
200,518,45,112,203,158,
201,518,45,112,203,158,
202,518,45,112,203,158,
203,518,45,112,203,158,
204,518,45,112,203,158,
205,518,45,112,203,158,
206,518,45,112,203,158,
207,518,45,112,203,158,
208,518,45,112,203,158,
209,518,45,112,203,158,
210,518,45,112,203,158,
211,518,45,112,203,158,
212,518,45,112,203,158,
213,518,45,112,203,158,
214,518,45,112,203,158,
215,518,45,112,203,158,
216,518,45,112,203,158,
217,518,45,112,203,158,
218,518,45,112,203,158,
219,518,45,112,203,158,
220,518,45,112,203,158,
221,518,45,112,203,158,
222,518,45,112,203,158,
223,518,45,112,203,158,
224,518,45,112,203,158,
225,518,45,112,203,158,
226,518,45,112,203,158,
227,518,45,112,203,158,
228,518,45,112,203,158,
229,518,45,112,203,158,
230,518,45,112,203,158,
231,518,45,112,203,158,
232,518,45,112,203,158,
233,518,45,112,203,158,
234,518,45,112,203,158,
235,518,45,112,203,158,
236,518,45,112,203,158,
237,518,45,112,203,158,
238,518,45,112,203,158,
239,518,45,112,203,158,
240,518,45,112,203,158,
241,518,45,112,203,158,
242,518,45,112,203,158,
243,518,45,112,203,158,
244,518,45,112,203,158,
245,518,45,112,203,158,
246,518,45,112,203,158,
247,518,45,112,203,158,
248,518,45,112,203,158,
249,518,45,112,203,158,
250,518,45,112,203,158,
251,518,45,112,203,158,
252,518,45,112,203,158,
253,518,45,112,203,158,
254,518,45,112,203,158,
255,518,45,112,203,158,
256,518,45,112,203,158,
257,518,45,112,203,158,
258,518,45,112,203,158,
259,518,45,112,203,158,
260,518,45,112,203,158,
261,518,45,112,203,158,
262,518,45,112,203,158,
263,518,45,112,203,158,
264,518,45,112,203,158,
265,518,45,112,203,158,
266,518,45,112,203,158,
267,518,45,112,203,158,
268,518,45,112,203,158,
269,518,45,112,203,158,
270,518,45,112,203,158,
271,518,45,112,203,158,
272,518,45,112,203,158,
273,518,45,112,203,158,
274,518,45,112,203,158,
275,518,45,112,203,158,
276,518,45,112,203,158,
277,518,45,112,203,158,
278,518,45,112,203,158,
279,518,45,112,203,158,
280,518,45,112,203,158,
281,518,45,112,203,158,
282,518,45,112,203,158,
283,518,45,112,203,158,
284,518,45,112,203,158,
285,518,45,112,203,158,
286,518,45,112,203,158,
287,518,45,112,203,158,
288,518,45,112,203,158,
289,518,45,112,203,158,
290,518,45,112,203,158,
291,518,45,112,203,158,
292,518,45,112,203,158,
293,518,45,112,203,158,
294,518,45,112,203,158,
295,518,45,112,203,158,
296,518,45,112,203,158,
297,518,45,112,203,158,
298,518,45,112,203,158,
299,518,45,112,203,158,
300,518,45,112,203,158,
301,518,45,112,203,158,
302,518,45,112,203,158,
303,518,45,112,203,158,
304,518,45,112,203,158,
305,518,45,112,203,158,
306,518,45,112,203,158,
307,518,45,112,203,158,
308,518,45,112,203,158,
309,518,45,112,203,158,
310,518,45,112,203,158,
311,518,45,112,203,158,
312,518,45,112,203,158,
313,518,45,112,203,158,
314,518,45,112,203,158,
315,518,45,112,203,158,
316,518,45,112,203,158,
317,518,45,112,203,158,
318,518,45,112,203,158,
319,518,45,112,203,158,
320,518,45,112,203,158,
321,518,45,112,203,158,
322,518,45,112,203,158,
323,518,45,112,203,158,
324,518,45,112,203,158,
325,518,45,112,203,158,
326,518,45,112,203,158,
327,518,45,112,203,158,
328,518,45,112,203,158,
329,518,45,112,203,158,
330,518,45,112,203,158,
331,518,45,112,203,158,
332,518,45,112,203,158,
333,518,45,112,203,158,
334,518,45,112,203,158,
335,518,45,112,203,158,
336,518,45,112,203,158,
337,518,45,112,203,158,
338,518,45,112,203,158,
339,518,45,112,203,158,
340,518,45,112,203,158,
341,518,45,112,203,158,
342,518,45,112,203,158,
343,518,45,112,203,158,
344,518,45,112,203,158,
345,518,45,112,203,158,
346,518,45,112,203,158,
347,518,45,112,203,158,
348,518,45,112,203,158,
349,518,45,112,203,158,
350,518,45,112,203,158,
351,518,45,112,203,158,
352,518,45,112,203,158,
353,518,45,112,203,158,
354,518,45,112,203,158,
355,518,45,112,203,158,
356,518,45,112,203,158,
357,518,45,112,203,158,
358,518,45,112,203,158,
359,518,45,112,203,158,
360,518,45,112,203,158,
361,518,45,112,203,158,
362,518,45,112,203,158,
363,518,45,112,203,158,
364,518,45,112,203,158,
365,518,45,112,203,158,
366,518,45,112,203,158,
367,518,45,112,203,158,
368,518,45,112,203,158,
369,518,45,112,203,158,
370,518,45,112,203,158,
371,518,45,112,203,158,
372,518,45,112,203,158,
373,518,45,112,203,158,
374,518,45,112,203,158,
375,518,45,112,203,158,
376,518,45,112,203,158,
377,518,45,112,203,158,
378,518,45,112,203,158,
379,518,45,112,203,158,
380,518,45,112,203,158,
381,518,45,112,203,158,
382,518,45,112,203,158,
383,518,45,112,203,158,
384,518,45,112,203,158,
385,518,45,112,203,158,
386,518,45,112,203,158,
387,518,45,112,203,158,
388,518,45,112,203,158,
389,518,45,112,203,158,
390,518,45,112,203,158,
391,518,45,112,203,158,
392,518,45,112,203,158,
393,518,45,112,203,158,
394,518,45,112,203,158,
395,518,45,112,203,158,
396,518,45,112,203,158,
397,518,45,112,203,158,
398,518,45,112,203,158,
399,518,45,112,203,158,
400,518,45,112,203,158,
401,518,45,112,203,158,
402,518,45,112,203,158,
403,518,45,112,203,158,
404,518,45,112,203,158,
405,518,45,112,203,158,
406,518,45,112,203,158,
407,518,45,112,203,158,
408,518,45,112,203,158,
409,518,45,112,203,158,
410,518,45,112,203,158,
411,518,45,112,203,158,
412,518,45,112,203,158,
413,518,45,112,203,158,
414,518,45,112,203,158,
415,518,45,112,203,158,
416,518,45,112,203,158,
417,518,45,112,203,158,
418,518,45,112,203,158,
419,518,45,112,203,158,
420,518,45,112,203,158,
421,518,45,112,203,158,
422,518,45,112,203,158,
423,518,45,112,203,158,
424,518,45,112,203,158,
425,518,45,112,203,158,
426,518,45,112,203,158,
427,518,45,112,203,158,
428,518,45,112,203,158,
429,518,45,112,203,158,
430,518,45,112,203,158,
431,518,45,112,203,158,
432,518,45,112,203,158,
433,518,45,112,203,158,
434,518,45,112,203,158,
435,518,45,112,203,158,
436,518,45,112,203,158,
437,518,45,112,203,158,
438,518,45,112,203,158,
439,518,45,112,203,158,
440,518,45,112,203,158,
441,518,45,112,203,158,
442,518,45,112,203,158,
443,518,45,112,203,158,
444,518,45,112,203,158,
445,518,45,112,203,158,
446,518,45,112,203,158,
447,518,45,112,203,158,
448,518,45,112,203,158,
449,518,45,112,203,158,
450,518,45,112,203,158,
451,518,45,112,203,158,
452,518,45,112,203,158,
453,518,45,112,203,158,
454,518,45,112,203,158,
455,518,45,112,203,158,
456,518,45,112,203,158,
457,518,45,112,203,158,
458,518,45,112,203,158,
459,518,45,112,203,158,
460,518,45,112,203,158,
461,518,45,112,203,158,
462,518,45,112,203,158,
463,518,45,112,203,158,
464,518,45,112,203,158,
465,518,45,112,203,158,
466,518,45,112,203,158,
467,518,45,112,203,158,
468,518,45,112,203,158,
469,518,45,112,203,158,
470,518,45,112,203,158,
471,518,45,112,203,158,
472,518,45,112,203,158,
473,518,45,112,203,158,
474,518,45,112,203,158,
475,518,45,112,203,158,
476,518,45,112,203,158,
477,518,45,112,203,158,
478,518,45,112,203,158,
479,518,45,112,203,158,
480,518,45,112,203,158,
481,518,45,112,203,158,
482,518,45,112,203,158,
483,518,45,112,203,158,
484,518,45,112,203,158,
485,518,45,112,203,158,
486,518,45,112,203,158,
487,518,45,112,203,158,
488,518,45,112,203,158,
489,518,45,112,203,158,
490,518,45,112,203,158,
491,518,45,112,203,158,
492,518,45,112,203,158,
493,518,45,112,203,158,
494,518,45,112,203,158,
495,518,45,112,203,158,
496,518,45,112,203,158,
497,518,45,112,203,158,
498,518,45,112,203,158,
499,518,45,112,203,158,
500,518,45,112,203,158,
501,518,45,112,203,158,
502,518,45,112,203,158,
503,518,45,112,203,158,
504,518,45,112,203,158,
505,518,45,112,203,158,
506,518,45,112,203,158,
507,518,45,112,203,158,
508,518,45,112,203,158,
509,518,45,112,203,158,
510,518,45,112,203,158,
511,518,45,112,203,158,
512,518,45,112,203,158,
513,518,45,112,203,158,
514,518,45,112,203,158,
515,518,45,112,203,158,
516,518,45,112,203,158,
517,518,45,112,203,158,
518,518,45,112,203,158,
519,518,45,112,203,158,
520,518,45,112,203,158,
521,518,45,112,203,158,
522,518,45,112,203,158,
523,518,45,112,203,158,
524,518,45,112,203,158,
525,518,45,112,203,158,
526,518,45,112,203,158,
527,518,45,112,203,158,
528,518,45,112,203,158,
529,518,45,112,203,158,
530,518,45,112,203,158,
531,518,45,112,203,158,
532,518,45,112,203,158,
533,518,45,112,203,158,
534,518,45,112,203,158,
535,518,45,112,203,158,
536,518,45,112,203,158,
537,518,45,112,203,158,
538,518,45,112,203,158,
539,518,45,112,203,158,
540,518,45,112,203,158,
541,518,45,112,203,158,
542,518,45,112,203,158,
543,518,45,112,203,158,
544,518,45,112,203,158,
545,518,45,112,203,158,
546,518,45,112,203,158,
547,518,45,112,203,158,
548,518,45,112,203,158,
549,518,45,112,203,158,
550,518,45,112,203,158,
551,518,45,112,203,158,
552,518,45,112,203,158,
553,518,45,112,203,158,
554,518,45,112,203,158,
555,518,45,112,203,158,
556,518,45,112,203,158,
557,518,45,112,203,158,
558,518,45,112,203,158,
559,518,45,112,203,158,
560,518,45,112,203,158,
561,518,45,112,203,158,
562,518,45,112,203,158,
563,518,45,112,203,158,
564,518,45,112,203,158,
565,518,45,112,203,158,
566,518,45,112,203,158,
567,518,45,112,203,158,
568,518,45,112,203,158,
569,518,45,112,203,158,
570,518,45,112,203,158,
571,518,45,112,203,158,
572,518,45,112,203,158,
573,518,45,112,203,158,
574,518,45,112,203,158,
575,518,45,112,203,158,
576,518,45,112,203,158,
577,518,45,112,203,158,
578,518,45,112,203,158,
579,518,45,112,203,158,
580,518,45,112,203,158,
581,518,45,112,203,158,
582,518,45,112,203,158,
583,518,45,112,203,158,
584,518,45,112,203,158,
585,518,45,112,203,158,
586,518,45,112,203,158,
587,518,45,112,203,158,
588,518,45,112,203,158,
589,518,45,112,203,158,
590,518,45,112,203,158,
591,518,45,112,203,158,
592,518,45,112,203,158,
593,518,45,112,203,158,
594,518,45,112,203,158,
595,518,45,112,203,158,
596,518,45,112,203,158,
597,518,45,112,203,158,
598,518,45,112,203,158,
599,518,45,112,203,158,
600,518,45,112,203,158,
601,518,45,112,203,158,
602,518,45,112,203,158,
603,518,45,112,203,158,
604,518,45,112,203,158,
605,518,45,112,203,158,
606,518,45,112,203,158,
607,518,45,112,203,158,
608,518,45,112,203,158,
609,518,45,112,203,158,
610,518,45,112,203,158,
611,518,45,112,203,158,
612,518,45,112,203,158,
613,518,45,112,203,158,
614,518,45,112,203,158,
615,518,45,112,203,158,
616,518,45,112,203,158,
617,518,45,112,203,158,
618,518,45,112,203,158,
619,518,45,112,203,158,
620,518,45,112,203,158,
621,518,45,112,203,158,
622,518,45,112,203,158,
623,518,45,112,203,158,
624,518,45,112,203,158,
625,518,45,112,203,158,
626,518,45,112,203,158,
627,518,45,112,203,158,
628,518,45,112,203,158,
629,518,45,112,203,158,
630,518,45,112,203,158,
631,518,45,112,203,158,
632,518,45,112,203,158,
633,518,45,112,203,158,
634,518,45,112,203,158,
635,518,45,112,203,158,
636,518,45,112,203,158,
637,518,45,112,203,158,
638,518,45,112,203,158,
639,518,45,112,203,158,
640,518,45,112,203,158,
641,518,45,112,203,158,
642,518,45,112,203,158,
643,518,45,112,203,158,
644,518,45,112,203,158,
645,518,45,112,203,158,
646,518,45,112,203,158,
647,518,45,112,203,158,
648,518,45,112,203,158,
649,518,45,112,203,158,
650,518,45,112,203,158,
651,518,45,112,203,158,
652,518,45,112,203,158,
653,518,45,112,203,158,
654,518,45,112,203,158,
655,518,45,112,203,158,
656,518,45,112,203,158,
657,518,45,112,203,158,
658,518,45,112,203,158,
659,518,45,112,203,158,
660,518,45,112,203,158,
661,518,45,112,203,158,
662,518,45,112,203,158,
663,518,45,112,203,158,
664,518,45,112,203,158,
665,518,45,112,203,158,
666,518,45,112,203,158,
667,518,45,112,203,158,
668,518,45,112,203,158,
669,518,45,112,203,158,
670,518,45,112,203,158,
671,518,45,112,203,158,
672,518,45,112,203,158,
673,518,45,112,203,158,
674,518,45,112,203,158,
675,518,45,112,203,158,
676,518,45,112,203,158,
677,518,45,112,203,158,
678,518,45,112,203,158,
679,518,45,112,203,158,
680,518,45,112,203,158,
681,518,45,112,203,158,
682,518,45,112,203,158,
683,518,45,112,203,158,
684,518,45,112,203,158,
685,518,45,112,203,158,
686,518,45,112,203,158,
687,518,45,112,203,158,
688,518,45,112,203,158,
689,518,45,112,203,158,
690,518,45,112,203,158,
691,518,45,112,203,158,
692,518,45,112,203,158,
693,518,45,112,203,158,
694,518,45,112,203,158,
695,518,45,112,203,158,
696,518,45,112,203,158,
697,518,45,112,203,158,
698,518,45,112,203,158,
699,518,45,112,203,158,
700,518,45,112,203,158,
701,518,45,112,203,158,
702,518,45,112,203,158,
703,518,45,112,203,158,
704,518,45,112,203,158,
705,518,45,112,203,158,
706,518,45,112,203,158,
707,518,45,112,203,158,
708,518,45,112,203,158,
709,518,45,112,203,158,
710,518,45,112,203,158,
711,518,45,112,203,158,
712,518,45,112,203,158,
713,518,45,112,203,158,
714,518,45,112,203,158,
715,518,45,112,203,158,
716,518,45,112,203,158,
717,518,45,112,203,158,
718,518,45,112,203,158,
719,518,45,112,203,158,
720,518,45,112,203,158,
721,518,45,112,203,158,
722,518,45,112,203,158,
723,518,45,112,203,158,
724,518,45,112,203,158,
725,518,45,112,203,158,
726,518,45,112,203,158,
727,518,45,112,203,158,
728,518,45,112,203,158,
729,518,45,112,203,158,
730,518,45,112,203,158,
731,518,45,112,203,158,
732,518,45,112,203,158,
733,518,45,112,203,158,
734,518,45,112,203,158,
735,518,45,112,203,158,
736,518,45,112,203,158,
737,518,45,112,203,158,
738,518,45,112,203,158,
739,518,45,112,203,158,
740,518,45,112,203,158,
741,518,45,112,203,158,
742,518,45,112,203,158,
743,518,45,112,203,158,
744,518,45,112,203,158,
745,518,45,112,203,158,
746,518,45,112,203,158,
747,518,45,112,203,158,
748,518,45,112,203,158,
749,518,45,112,203,158,
750,518,45,112,203,158,
751,518,45,112,203,158,
752,518,45,112,203,158,
753,518,45,112,203,158,
754,518,45,112,203,158,
755,518,45,112,203,158,
756,518,45,112,203,158,
757,518,45,112,203,158,
758,518,45,112,203,158,
759,518,45,112,203,158,
760,518,45,112,203,158,
761,518,45,112,203,158,
762,518,45,112,203,158,
763,518,45,112,203,158,
764,518,45,112,203,158,
765,518,45,112,203,158,
766,518,45,112,203,158,
767,518,45,112,203,158,
768,518,45,112,203,158,
769,518,45,112,203,158,
770,518,45,112,203,158,
771,518,45,112,203,158,
772,518,45,112,203,158,
773,518,45,112,203,158,
774,518,45,112,203,158,
775,518,45,112,203,158,
776,518,45,112,203,158,
777,518,45,112,203,158,
778,518,45,112,203,158,
779,518,45,112,203,158,
780,518,45,112,203,158,
781,518,45,112,203,158,
782,518,45,112,203,158,
783,518,45,112,203,158,
784,518,45,112,203,158,
785,518,45,112,203,158,
786,518,45,112,203,158,
787,518,45,112,203,158,
788,518,45,112,203,158,
789,518,45,112,203,158,
790,518,45,112,203,158,
791,518,45,112,203,158,
792,518,45,112,203,158,
793,518,45,112,203,158,
794,518,45,112,203,158,
795,518,45,112,203,158,
796,518,45,112,203,158,
797,518,45,112,203,158,
798,518,45,112,203,158,
799,518,45,112,203,158,
800,518,45,112,203,158,
801,518,45,112,203,158,
802,518,45,112,203,158,
803,518,45,112,203,158,
804,518,45,112,203,158,
805,518,45,112,203,158,
806,518,45,112,203,158,
807,518,45,112,203,158,
808,518,45,112,203,158,
809,518,45,112,203,158,
810,518,45,112,203,158,
811,518,45,112,203,158,
812,518,45,112,203,158,
813,518,45,112,203,158,
814,518,45,112,203,158,
815,518,45,112,203,158,
816,518,45,112,203,158,
817,518,45,112,203,158,
818,518,45,112,203,158,
819,518,45,112,203,158,
820,518,45,112,203,158,
821,518,45,112,203,158,
822,518,45,112,203,158,
823,518,45,112,203,158,
824,518,45,112,203,158,
825,518,45,112,203,158,
826,518,45,112,203,158,
827,518,45,112,203,158,
828,518,45,112,203,158,
829,518,45,112,203,158,
830,518,45,112,203,158,
831,518,45,112,203,158,
832,518,45,112,203,158,
833,518,45,112,203,158,
834,518,45,112,203,158,
835,518,45,112,203,158,
836,518,45,112,203,158,
837,518,45,112,203,158,
838,518,45,112,203,158,
839,518,45,112,203,158,
840,518,45,112,203,158,
841,518,45,112,203,158,
842,518,45,112,203,158,
843,518,45,112,203,158,
844,518,45,112,203,158,
845,518,45,112,203,158,
846,518,45,112,203,158,
847,518,45,112,203,158,
848,518,45,112,203,158,
849,518,45,112,203,158,
850,518,45,112,203,158,
851,518,45,112,203,158,
852,518,45,112,203,158,
853,518,45,112,203,158,
854,518,45,112,203,158,
855,518,45,112,203,158,
856,518,45,112,203,158,
857,518,45,112,203,158,
858,518,45,112,203,158,
859,518,45,112,203,158,
860,518,45,112,203,158,
861,518,45,112,203,158,
862,518,45,112,203,158,
863,518,45,112,203,158,
864,518,45,112,203,158,
865,518,45,112,203,158,
866,518,45,112,203,158,
867,518,45,112,203,158,
868,518,45,112,203,158,
869,518,45,112,203,158,
870,518,45,112,203,158,
871,518,45,112,203,158,
872,518,45,112,203,158,
873,518,45,112,203,158,
874,518,45,112,203,158,
875,518,45,112,203,158,
876,518,45,112,203,158,
877,518,45,112,203,158,
878,518,45,112,203,158,
879,518,45,112,203,158,
880,518,45,112,203,158,
881,518,45,112,203,158,
882,518,45,112,203,158,
883,518,45,112,203,158,
884,518,45,112,203,158,
885,518,45,112,203,158,
886,518,45,112,203,158,
887,518,45,112,203,158,
888,518,45,112,203,158,
889,518,45,112,203,158,
890,518,45,112,203,158,
891,518,45,112,203,158,
892,518,45,112,203,158,
893,518,45,112,203,158,
894,518,45,112,203,158,
895,518,45,112,203,158,
896,518,45,112,203,158,
897,518,45,112,203,158,
898,518,45,112,203,158,
899,518,45,112,203,158,
900,518,45,112,203,158,
901,518,45,112,203,158,
902,518,45,112,203,158,
903,518,45,112,203,158,
904,518,45,112,203,158,
905,518,45,112,203,158,
906,518,45,112,203,158,
907,518,45,112,203,158,
908,518,45,112,203,158,
909,518,45,112,203,158,
910,518,45,112,203,158,
911,518,45,112,203,158,
912,518,45,112,203,158,
913,518,45,112,203,158,
914,518,45,112,203,158,
915,518,45,112,203,158,
916,518,45,112,203,158,
917,518,45,112,203,158,
918,518,45,112,203,158,
919,518,45,112,203,158,
920,518,45,112,203,158,
921,518,45,112,203,158,
922,518,45,112,203,158,
923,518,45,112,203,158,
924,518,45,112,203,158,
925,518,45,112,203,158,
926,518,45,112,203,158,
927,518,45,112,203,158,
928,518,45,112,203,158,
929,518,45,112,203,158,
930,518,45,112,203,158,
931,518,45,112,203,158,
932,518,45,112,203,158,
933,518,45,112,203,158,
934,518,45,112,203,158,
935,518,45,112,203,158,
936,518,45,112,203,158,
937,518,45,112,203,158,
938,518,45,112,203,158,
939,518,45,112,203,158,
940,518,45,112,203,158,
941,518,45,112,203,158,
942,518,45,112,203,158,
943,518,45,112,203,158,
944,518,45,112,203,158,
945,518,45,112,203,158,
946,518,45,112,203,158,
947,518,45,112,203,158,
948,518,45,112,203,158,
949,518,45,112,203,158,
950,518,45,112,203,158,
951,518,45,112,203,158,
952,518,45,112,203,158,
953,518,45,112,203,158,
954,518,45,112,203,158,
955,518,45,112,203,158,
956,518,45,112,203,158,
957,518,45,112,203,158,
958,518,45,112,203,158,
959,518,45,112,203,158,
960,518,45,112,203,158,
961,518,45,112,203,158,
962,518,45,112,203,158,
963,518,45,112,203,158,
964,518,45,112,203,158,
965,518,45,112,203,158,
966,518,45,112,203,158,
967,518,45,112,203,158,
968,518,45,112,203,158,
969,518,45,112,203,158,
970,518,45,112,203,158,
971,518,45,112,203,158,
972,518,45,112,203,158,
973,518,45,112,203,158,
974,518,45,112,203,158,
975,518,45,112,203,158,
976,518,45,112,203,158,
977,518,45,112,203,158,
978,518,45,112,203,158,
979,518,45,112,203,158,
980,518,45,112,203,158,
981,518,45,112,203,158,
982,518,45,112,203,158,
983,518,45,112,203,158,
984,518,45,112,203,158,
985,518,45,112,203,158,
986,518,45,112,203,158,
987,518,45,112,203,158,
988,518,45,112,203,158,
989,518,45,112,203,158,
990,518,45,112,203,158,
991,518,45,112,203,158,
992,518,45,112,203,158,
993,518,45,112,203,158,
994,518,45,112,203,158,
995,518,45,112,203,158,
996,518,45,112,203,158,
997,518,45,112,203,158,
998,518,45,112,203,158,
999,518,45,112,203,158,
1000,518,45,112,203,158,
sim-number,population-size,num-grass,num-gentle,num-rugged,num-dunes,
sim-number,population-size,num-grass,num-gentle,num-rugged,num-dunes,
sim-number,population-size,num-grass,num-gentle,num-rugged,num-dunes,
sim-number,population-size,num-grass,num-gentle,num-rugged,num-dunes,
sim-number,population-size,num-grass,num-gentle,num-rugged,num-dunes,
sim-number,population-size,num-grass,num-gentle,num-rugged,num-dunes,
sim-number,population-size,num-grass,num-gentle,num-rugged,num-dunes,
sim-number,population-size,num-grass,num-gentle,num-rugged,num-dunes,
0,518,45,112,203,158,
1,518,45,112,203,158,
2,518,45,112,203,158,
3,518,45,112,203,158,
4,518,45,112,203,158,
5,518,45,112,203,158,
6,518,45,112,203,158,
7,518,45,112,203,158,
8,518,45,112,203,158,
9,518,45,112,203,158,
10,518,45,112,203,158,
11,518,45,112,203,158,
12,518,45,112,203,158,
13,518,45,112,203,158,
14,518,45,112,203,158,
15,518,45,112,203,158,
16,518,45,112,203,158,
17,518,45,112,203,158,
18,518,45,112,203,158,
19,518,45,112,203,158,
20,518,45,112,203,158,
21,518,45,112,203,158,
22,518,45,112,203,158,
23,518,45,112,203,158,
24,518,45,112,203,158,
25,518,45,112,203,158,
26,518,45,112,203,158,
27,518,45,112,203,158,
28,518,45,112,203,158,
29,518,45,112,203,158,
30,518,45,112,203,158,
31,518,45,112,203,158,
32,518,45,112,203,158,
33,518,45,112,203,158,
34,518,45,112,203,158,
35,518,45,112,203,158,
36,518,45,112,203,158,
37,518,45,112,203,158,
38,518,45,112,203,158,
39,518,45,112,203,158,
40,518,45,112,203,158,
41,518,45,112,203,158,
42,518,45,112,203,158,
43,518,45,112,203,158,
44,518,45,112,203,158,
45,518,45,112,203,158,
46,518,45,112,203,158,
47,518,45,112,203,158,
48,518,45,112,203,158,
49,518,45,112,203,158,
50,518,45,112,203,158,
51,518,45,112,203,158,
52,518,45,112,203,158,
53,518,45,112,203,158,
54,518,45,112,203,158,
55,518,45,112,203,158,
56,518,45,112,203,158,
57,518,45,112,203,158,
58,518,45,112,203,158,
59,518,45,112,203,158,
60,518,45,112,203,158,
61,518,45,112,203,158,
62,518,45,112,203,158,
63,518,45,112,203,158,
64,518,45,112,203,158,
65,518,45,112,203,158,
66,518,45,112,203,158,
67,518,45,112,203,158,
68,518,45,112,203,158,
69,518,45,112,203,158,
70,518,45,112,203,158,
sim-number,population-size,num-grass,num-gentle,num-rugged,num-dunes,
0,518,45,112,203,158,
sim-number,population-size,num-grass,num-gentle,num-rugged,num-dunes,
0,518,45,112,203,158,
1,518,45,112,203,158,
2,518,45,112,203,158,
3,518,45,112,203,158,
4,518,45,112,203,158,
5,518,45,112,203,158,
6,518,45,112,203,158,
7,518,45,112,203,158,
8,518,45,112,203,158,
9,518,45,112,203,158,
10,518,45,112,203,158,
11,518,45,112,203,158,
12,518,45,112,203,158,
13,518,45,112,203,158,
14,518,45,112,203,158,
15,518,45,112,203,158,
16,518,45,112,203,158,
17,518,45,112,203,158,
18,518,45,112,203,158,
19,518,45,112,203,158,
20,518,45,112,203,158,
21,518,45,112,203,158,
22,518,45,112,203,158,
23,518,45,112,203,158,
24,518,45,112,203,158,
25,518,45,112,203,158,
26,518,45,112,203,158,
27,518,45,112,203,158,
28,518,45,112,203,158,
29,518,45,112,203,158,
30,518,45,112,203,158,
31,518,45,112,203,158,
32,518,45,112,203,158,
33,518,45,112,203,158,
34,518,45,112,203,158,
35,518,45,112,203,158,
36,518,45,112,203,158,
37,518,45,112,203,158,
38,518,45,112,203,158,
39,518,45,112,203,158,
40,518,45,112,203,158,
41,518,45,112,203,158,
42,518,45,112,203,158,
43,518,45,112,203,158,
44,518,45,112,203,158,
45,518,45,112,203,158,
46,518,45,112,203,158,
47,518,45,112,203,158,
48,518,45,112,203,158,
49,518,45,112,203,158,
50,518,45,112,203,158,
51,518,45,112,203,158,
52,518,45,112,203,158,
53,518,45,112,203,158,
54,518,45,112,203,158,
55,518,45,112,203,158,
56,518,45,112,203,158,
57,518,45,112,203,158,
58,518,45,112,203,158,
59,518,45,112,203,158,
60,518,45,112,203,158,
61,518,45,112,203,158,
62,518,45,112,203,158,
63,518,45,112,203,158,
64,518,45,112,203,158,
65,518,45,112,203,158,
66,518,45,112,203,158,
67,518,45,112,203,158,
68,518,45,112,203,158,
69,518,45,112,203,158,
70,518,45,112,203,158,
71,518,45,112,203,158,
72,518,45,112,203,158,
73,518,45,112,203,158,
74,518,45,112,203,158,
75,518,45,112,203,158,
76,518,45,112,203,158,
77,518,45,112,203,158,
78,518,45,112,203,158,
79,518,45,112,203,158,
80,518,45,112,203,158,
81,518,45,112,203,158,
82,518,45,112,203,158,
83,518,45,112,203,158,
84,518,45,112,203,158,
85,518,45,112,203,158,
86,518,45,112,203,158,
87,518,45,112,203,158,
88,518,45,112,203,158,
89,518,45,112,203,158,
90,518,45,112,203,158,
91,518,45,112,203,158,
92,518,45,112,203,158,
93,518,45,112,203,158,
94,518,45,112,203,158,
95,518,45,112,203,158,
96,518,45,112,203,158,
97,518,45,112,203,158,
98,518,45,112,203,158,
99,518,45,112,203,158,
100,518,45,112,203,158,
101,518,45,112,203,158,
102,518,45,112,203,158,
103,518,45,112,203,158,
104,518,45,112,203,158,
105,518,45,112,203,158,
106,518,45,112,203,158,
107,518,45,112,203,158,
108,518,45,112,203,158,
109,518,45,112,203,158,
110,518,45,112,203,158,
111,518,45,112,203,158,
112,518,45,112,203,158,
113,518,45,112,203,158,
114,518,45,112,203,158,
115,518,45,112,203,158,
116,518,45,112,203,158,
117,518,45,112,203,158,
118,518,45,112,203,158,
119,518,45,112,203,158,
120,518,45,112,203,158,
121,518,45,112,203,158,
122,518,45,112,203,158,
123,518,45,112,203,158,
124,518,45,112,203,158,
125,518,45,112,203,158,
126,518,45,112,203,158,
127,518,45,112,203,158,
128,518,45,112,203,158,
129,518,45,112,203,158,
130,518,45,112,203,158,
131,518,45,112,203,158,
132,518,45,112,203,158,
133,518,45,112,203,158,
134,518,45,112,203,158,
135,518,45,112,203,158,
136,518,45,112,203,158,
137,518,45,112,203,158,
138,518,45,112,203,158,
139,518,45,112,203,158,
140,518,45,112,203,158,
141,518,45,112,203,158,
142,518,45,112,203,158,
143,518,45,112,203,158,
144,518,45,112,203,158,
145,518,45,112,203,158,
146,518,45,112,203,158,
147,518,45,112,203,158,
148,518,45,112,203,158,
149,518,45,112,203,158,
150,518,45,112,203,158,
151,518,45,112,203,158,
152,518,45,112,203,158,
153,518,45,112,203,158,
154,518,45,112,203,158,
155,518,45,112,203,158,
156,518,45,112,203,158,
157,518,45,112,203,158,
158,518,45,112,203,158,
159,518,45,112,203,158,
160,518,45,112,203,158,
161,518,45,112,203,158,
162,518,45,112,203,158,
163,518,45,112,203,158,
164,518,45,112,203,158,
165,518,45,112,203,158,
166,518,45,112,203,158,
167,518,45,112,203,158,
168,518,45,112,203,158,
169,518,45,112,203,158,
170,518,45,112,203,158,
171,518,45,112,203,158,
172,518,45,112,203,158,
173,518,45,112,203,158,
174,518,45,112,203,158,
175,518,45,112,203,158,
176,518,45,112,203,158,
177,518,45,112,203,158,
178,518,45,112,203,158,
179,518,45,112,203,158,
180,518,45,112,203,158,
181,518,45,112,203,158,
182,518,45,112,203,158,
183,518,45,112,203,158,
184,518,45,112,203,158,
185,518,45,112,203,158,
186,518,45,112,203,158,
187,518,45,112,203,158,
188,518,45,112,203,158,
189,518,45,112,203,158,
190,518,45,112,203,158,
191,518,45,112,203,158,
192,518,45,112,203,158,
193,518,45,112,203,158,
194,518,45,112,203,158,
195,518,45,112,203,158,
196,518,45,112,203,158,
197,518,45,112,203,158,
198,518,45,112,203,158,
199,518,45,112,203,158,
200,518,45,112,203,158,
201,518,45,112,203,158,
202,518,45,112,203,158,
203,518,45,112,203,158,
204,518,45,112,203,158,
205,518,45,112,203,158,
206,518,45,112,203,158,
207,518,45,112,203,158,
208,518,45,112,203,158,
209,518,45,112,203,158,
210,518,45,112,203,158,
211,518,45,112,203,158,
212,518,45,112,203,158,
213,518,45,112,203,158,
214,518,45,112,203,158,
215,518,45,112,203,158,
216,518,45,112,203,158,
217,518,45,112,203,158,
218,518,45,112,203,158,
219,518,45,112,203,158,
220,518,45,112,203,158,
221,518,45,112,203,158,
222,518,45,112,203,158,
223,518,45,112,203,158,
224,518,45,112,203,158,
225,518,45,112,203,158,
226,518,45,112,203,158,
227,518,45,112,203,158,
228,518,45,112,203,158,
229,518,45,112,203,158,
230,518,45,112,203,158,
231,518,45,112,203,158,
232,518,45,112,203,158,
233,518,45,112,203,158,
234,518,45,112,203,158,
235,518,45,112,203,158,
236,518,45,112,203,158,
237,518,45,112,203,158,
238,518,45,112,203,158,
239,518,45,112,203,158,
240,518,45,112,203,158,
241,518,45,112,203,158,
242,518,45,112,203,158,
243,518,45,112,203,158,
244,518,45,112,203,158,
245,518,45,112,203,158,
246,518,45,112,203,158,
247,518,45,112,203,158,
248,518,45,112,203,158,
249,518,45,112,203,158,
250,518,45,112,203,158,
251,518,45,112,203,158,
252,518,45,112,203,158,
253,518,45,112,203,158,
254,518,45,112,203,158,
255,518,45,112,203,158,
256,518,45,112,203,158,
257,518,45,112,203,158,
258,518,45,112,203,158,
259,518,45,112,203,158,
260,518,45,112,203,158,
261,518,45,112,203,158,
262,518,45,112,203,158,
263,518,45,112,203,158,
264,518,45,112,203,158,
265,518,45,112,203,158,
266,518,45,112,203,158,
267,518,45,112,203,158,
268,518,45,112,203,158,
269,518,45,112,203,158,
270,518,45,112,203,158,
271,518,45,112,203,158,
272,518,45,112,203,158,
273,518,45,112,203,158,
274,518,45,112,203,158,
275,518,45,112,203,158,
276,518,45,112,203,158,
277,518,45,112,203,158,
278,518,45,112,203,158,
279,518,45,112,203,158,
280,518,45,112,203,158,
281,518,45,112,203,158,
282,518,45,112,203,158,
283,518,45,112,203,158,
284,518,45,112,203,158,
285,518,45,112,203,158,
286,518,45,112,203,158,
287,518,45,112,203,158,
288,518,45,112,203,158,
289,518,45,112,203,158,
290,518,45,112,203,158,
291,518,45,112,203,158,
292,518,45,112,203,158,
293,518,45,112,203,158,
294,518,45,112,203,158,
295,518,45,112,203,158,
296,518,45,112,203,158,
297,518,45,112,203,158,
298,518,45,112,203,158,
299,518,45,112,203,158,
300,518,45,112,203,158,
301,518,45,112,203,158,
302,518,45,112,203,158,
303,518,45,112,203,158,
304,518,45,112,203,158,
305,518,45,112,203,158,
306,518,45,112,203,158,
307,518,45,112,203,158,
308,518,45,112,203,158,
309,518,45,112,203,158,
310,518,45,112,203,158,
311,518,45,112,203,158,
312,518,45,112,203,158,
313,518,45,112,203,158,
314,518,45,112,203,158,
315,518,45,112,203,158,
316,518,45,112,203,158,
317,518,45,112,203,158,
318,518,45,112,203,158,
319,518,45,112,203,158,
320,518,45,112,203,158,
321,518,45,112,203,158,
322,518,45,112,203,158,
323,518,45,112,203,158,
324,518,45,112,203,158,
325,518,45,112,203,158,
326,518,45,112,203,158,
327,518,45,112,203,158,
328,518,45,112,203,158,
329,518,45,112,203,158,
330,518,45,112,203,158,
331,518,45,112,203,158,
332,518,45,112,203,158,
333,518,45,112,203,158,
334,518,45,112,203,158,
335,518,45,112,203,158,
336,518,45,112,203,158,
337,518,45,112,203,158,
338,518,45,112,203,158,
339,518,45,112,203,158,
340,518,45,112,203,158,
341,518,45,112,203,158,
342,518,45,112,203,158,
343,518,45,112,203,158,
344,518,45,112,203,158,
345,518,45,112,203,158,
346,518,45,112,203,158,
347,518,45,112,203,158,
348,518,45,112,203,158,
349,518,45,112,203,158,
350,518,45,112,203,158,
351,518,45,112,203,158,
352,518,45,112,203,158,
353,518,45,112,203,158,
354,518,45,112,203,158,
355,518,45,112,203,158,
356,518,45,112,203,158,
357,518,45,112,203,158,
358,518,45,112,203,158,
359,518,45,112,203,158,
360,518,45,112,203,158,
361,518,45,112,203,158,
362,518,45,112,203,158,
363,518,45,112,203,158,
364,518,45,112,203,158,
365,518,45,112,203,158,
366,518,45,112,203,158,
367,518,45,112,203,158,
368,518,45,112,203,158,
369,518,45,112,203,158,
370,518,45,112,203,158,
371,518,45,112,203,158,
372,518,45,112,203,158,
373,518,45,112,203,158,
374,518,45,112,203,158,
375,518,45,112,203,158,
376,518,45,112,203,158,
377,518,45,112,203,158,
378,518,45,112,203,158,
379,518,45,112,203,158,
380,518,45,112,203,158,
381,518,45,112,203,158,
382,518,45,112,203,158,
383,518,45,112,203,158,
384,518,45,112,203,158,
385,518,45,112,203,158,
386,518,45,112,203,158,
387,518,45,112,203,158,
388,518,45,112,203,158,
389,518,45,112,203,158,
390,518,45,112,203,158,
391,518,45,112,203,158,
392,518,45,112,203,158,
393,518,45,112,203,158,
394,518,45,112,203,158,
395,518,45,112,203,158,
396,518,45,112,203,158,
397,518,45,112,203,158,
398,518,45,112,203,158,
399,518,45,112,203,158,
400,518,45,112,203,158,
401,518,45,112,203,158,
402,518,45,112,203,158,
403,518,45,112,203,158,
404,518,45,112,203,158,
405,518,45,112,203,158,
406,518,45,112,203,158,
407,518,45,112,203,158,
408,518,45,112,203,158,
409,518,45,112,203,158,
410,518,45,112,203,158,
411,518,45,112,203,158,
412,518,45,112,203,158,
413,518,45,112,203,158,
414,518,45,112,203,158,
415,518,45,112,203,158,
416,518,45,112,203,158,
417,518,45,112,203,158,
418,518,45,112,203,158,
419,518,45,112,203,158,
420,518,45,112,203,158,
421,518,45,112,203,158,
422,518,45,112,203,158,
423,518,45,112,203,158,
424,518,45,112,203,158,
425,518,45,112,203,158,
426,518,45,112,203,158,
427,518,45,112,203,158,
428,518,45,112,203,158,
429,518,45,112,203,158,
430,518,45,112,203,158,
431,518,45,112,203,158,
432,518,45,112,203,158,
433,518,45,112,203,158,
434,518,45,112,203,158,
435,518,45,112,203,158,
436,518,45,112,203,158,
437,518,45,112,203,158,
438,518,45,112,203,158,
439,518,45,112,203,158,
440,518,45,112,203,158,
441,518,45,112,203,158,
442,518,45,112,203,158,
443,518,45,112,203,158,
444,518,45,112,203,158,
445,518,45,112,203,158,
446,518,45,112,203,158,
447,518,45,112,203,158,
448,518,45,112,203,158,
449,518,45,112,203,158,
450,518,45,112,203,158,
451,518,45,112,203,158,
452,518,45,112,203,158,
453,518,45,112,203,158,
454,518,45,112,203,158,
455,518,45,112,203,158,
456,518,45,112,203,158,
457,518,45,112,203,158,
458,518,45,112,203,158,
459,518,45,112,203,158,
460,518,45,112,203,158,
461,518,45,112,203,158,
462,518,45,112,203,158,
463,518,45,112,203,158,
464,518,45,112,203,158,
465,518,45,112,203,158,
466,518,45,112,203,158,
467,518,45,112,203,158,
468,518,45,112,203,158,
469,518,45,112,203,158,
470,518,45,112,203,158,
471,518,45,112,203,158,
472,518,45,112,203,158,
473,518,45,112,203,158,
474,518,45,112,203,158,
475,518,45,112,203,158,
476,518,45,112,203,158,
477,518,45,112,203,158,
478,518,45,112,203,158,
479,518,45,112,203,158,
480,518,45,112,203,158,
481,518,45,112,203,158,
482,518,45,112,203,158,
483,518,45,112,203,158,
484,518,45,112,203,158,
485,518,45,112,203,158,
486,518,45,112,203,158,
487,518,45,112,203,158,
488,518,45,112,203,158,
489,518,45,112,203,158,
490,518,45,112,203,158,
491,518,45,112,203,158,
492,518,45,112,203,158,
493,518,45,112,203,158,
494,518,45,112,203,158,
495,518,45,112,203,158,
496,518,45,112,203,158,
497,518,45,112,203,158,
498,518,45,112,203,158,
499,518,45,112,203,158,
500,518,45,112,203,158,
501,518,45,112,203,158,
502,518,45,112,203,158,
503,518,45,112,203,158,
504,518,45,112,203,158,
505,518,45,112,203,158,
506,518,45,112,203,158,
507,518,45,112,203,158,
508,518,45,112,203,158,
509,518,45,112,203,158,
510,518,45,112,203,158,
511,518,45,112,203,158,
512,518,45,112,203,158,
513,518,45,112,203,158,
514,518,45,112,203,158,
515,518,45,112,203,158,
516,518,45,112,203,158,
517,518,45,112,203,158,
518,518,45,112,203,158,
519,518,45,112,203,158,
520,518,45,112,203,158,
521,518,45,112,203,158,
522,518,45,112,203,158,
523,518,45,112,203,158,
524,518,45,112,203,158,
525,518,45,112,203,158,
526,518,45,112,203,158,
527,518,45,112,203,158,
528,518,45,112,203,158,
529,518,45,112,203,158,
530,518,45,112,203,158,
531,518,45,112,203,158,
532,518,45,112,203,158,
533,518,45,112,203,158,
534,518,45,112,203,158,
535,518,45,112,203,158,
536,518,45,112,203,158,
537,518,45,112,203,158,
538,518,45,112,203,158,
539,518,45,112,203,158,
540,518,45,112,203,158,
541,518,45,112,203,158,
542,518,45,112,203,158,
543,518,45,112,203,158,
544,518,45,112,203,158,
545,518,45,112,203,158,
546,518,45,112,203,158,
547,518,45,112,203,158,
548,518,45,112,203,158,
549,518,45,112,203,158,
550,518,45,112,203,158,
551,518,45,112,203,158,
552,518,45,112,203,158,
553,518,45,112,203,158,
554,518,45,112,203,158,
555,518,45,112,203,158,
556,518,45,112,203,158,
557,518,45,112,203,158,
558,518,45,112,203,158,
559,518,45,112,203,158,
560,518,45,112,203,158,
561,518,45,112,203,158,
562,518,45,112,203,158,
563,518,45,112,203,158,
564,518,45,112,203,158,
565,518,45,112,203,158,
566,518,45,112,203,158,
567,518,45,112,203,158,
568,518,45,112,203,158,
569,518,45,112,203,158,
570,518,45,112,203,158,
571,518,45,112,203,158,
572,518,45,112,203,158,
573,518,45,112,203,158,
574,518,45,112,203,158,
575,518,45,112,203,158,
576,518,45,112,203,158,
577,518,45,112,203,158,
578,518,45,112,203,158,
579,518,45,112,203,158,
580,518,45,112,203,158,
581,518,45,112,203,158,
582,518,45,112,203,158,
583,518,45,112,203,158,
584,518,45,112,203,158,
585,518,45,112,203,158,
586,518,45,112,203,158,
587,518,45,112,203,158,
588,518,45,112,203,158,
589,518,45,112,203,158,
590,518,45,112,203,158,
591,518,45,112,203,158,
592,518,45,112,203,158,
593,518,45,112,203,158,
594,518,45,112,203,158,
595,518,45,112,203,158,
596,518,45,112,203,158,
597,518,45,112,203,158,
598,518,45,112,203,158,
599,518,45,112,203,158,
600,518,45,112,203,158,
601,518,45,112,203,158,
602,518,45,112,203,158,
603,518,45,112,203,158,
604,518,45,112,203,158,
605,518,45,112,203,158,
606,518,45,112,203,158,
607,518,45,112,203,158,
608,518,45,112,203,158,
609,518,45,112,203,158,
610,518,45,112,203,158,
611,518,45,112,203,158,
612,518,45,112,203,158,
613,518,45,112,203,158,
614,518,45,112,203,158,
615,518,45,112,203,158,
616,518,45,112,203,158,
617,518,45,112,203,158,
618,518,45,112,203,158,
619,518,45,112,203,158,
620,518,45,112,203,158,
621,518,45,112,203,158,
622,518,45,112,203,158,
623,518,45,112,203,158,
624,518,45,112,203,158,
625,518,45,112,203,158,
626,518,45,112,203,158,
627,518,45,112,203,158,
628,518,45,112,203,158,
629,518,45,112,203,158,
630,518,45,112,203,158,
631,518,45,112,203,158,
632,518,45,112,203,158,
633,518,45,112,203,158,
634,518,45,112,203,158,
635,518,45,112,203,158,
636,518,45,112,203,158,
637,518,45,112,203,158,
638,518,45,112,203,158,
639,518,45,112,203,158,
640,518,45,112,203,158,
641,518,45,112,203,158,
642,518,45,112,203,158,
643,518,45,112,203,158,
644,518,45,112,203,158,
645,518,45,112,203,158,
646,518,45,112,203,158,
647,518,45,112,203,158,
648,518,45,112,203,158,
649,518,45,112,203,158,
650,518,45,112,203,158,
651,518,45,112,203,158,
652,518,45,112,203,158,
653,518,45,112,203,158,
654,518,45,112,203,158,
655,518,45,112,203,158,
656,518,45,112,203,158,
657,518,45,112,203,158,
658,518,45,112,203,158,
659,518,45,112,203,158,
660,518,45,112,203,158,
661,518,45,112,203,158,
662,518,45,112,203,158,
663,518,45,112,203,158,
664,518,45,112,203,158,
665,518,45,112,203,158,
666,518,45,112,203,158,
667,518,45,112,203,158,
668,518,45,112,203,158,
669,518,45,112,203,158,
670,518,45,112,203,158,
671,518,45,112,203,158,
672,518,45,112,203,158,
673,518,45,112,203,158,
674,518,45,112,203,158,
675,518,45,112,203,158,
676,518,45,112,203,158,
677,518,45,112,203,158,
678,518,45,112,203,158,
679,518,45,112,203,158,
680,518,45,112,203,158,
681,518,45,112,203,158,
682,518,45,112,203,158,
683,518,45,112,203,158,
684,518,45,112,203,158,
685,518,45,112,203,158,
686,518,45,112,203,158,
687,518,45,112,203,158,
688,518,45,112,203,158,
689,518,45,112,203,158,
690,518,45,112,203,158,
691,518,45,112,203,158,
692,518,45,112,203,158,
693,518,45,112,203,158,
694,518,45,112,203,158,
695,518,45,112,203,158,
696,518,45,112,203,158,
697,518,45,112,203,158,
698,518,45,112,203,158,
699,518,45,112,203,158,
700,518,45,112,203,158,
701,518,45,112,203,158,
702,518,45,112,203,158,
703,518,45,112,203,158,
704,518,45,112,203,158,
705,518,45,112,203,158,
706,518,45,112,203,158,
707,518,45,112,203,158,
708,518,45,112,203,158,
709,518,45,112,203,158,
710,518,45,112,203,158,
711,518,45,112,203,158,
712,518,45,112,203,158,
713,518,45,112,203,158,
714,518,45,112,203,158,
715,518,45,112,203,158,
716,518,45,112,203,158,
717,518,45,112,203,158,
718,518,45,112,203,158,
719,518,45,112,203,158,
720,518,45,112,203,158,
721,518,45,112,203,158,
722,518,45,112,203,158,
723,518,45,112,203,158,
724,518,45,112,203,158,
725,518,45,112,203,158,
726,518,45,112,203,158,
727,518,45,112,203,158,
728,518,45,112,203,158,
729,518,45,112,203,158,
730,518,45,112,203,158,
731,518,45,112,203,158,
732,518,45,112,203,158,
733,518,45,112,203,158,
734,518,45,112,203,158,
735,518,45,112,203,158,
736,518,45,112,203,158,
737,518,45,112,203,158,
738,518,45,112,203,158,
739,518,45,112,203,158,
740,518,45,112,203,158,
741,518,45,112,203,158,
742,518,45,112,203,158,
743,518,45,112,203,158,
744,518,45,112,203,158,
745,518,45,112,203,158,
746,518,45,112,203,158,
747,518,45,112,203,158,
748,518,45,112,203,158,
749,518,45,112,203,158,
750,518,45,112,203,158,
751,518,45,112,203,158,
752,518,45,112,203,158,
753,518,45,112,203,158,
754,518,45,112,203,158,
755,518,45,112,203,158,
756,518,45,112,203,158,
757,518,45,112,203,158,
758,518,45,112,203,158,
759,518,45,112,203,158,
760,518,45,112,203,158,
761,518,45,112,203,158,
762,518,45,112,203,158,
763,518,45,112,203,158,
764,518,45,112,203,158,
765,518,45,112,203,158,
766,518,45,112,203,158,
767,518,45,112,203,158,
768,518,45,112,203,158,
769,518,45,112,203,158,
770,518,45,112,203,158,
771,518,45,112,203,158,
772,518,45,112,203,158,
773,518,45,112,203,158,
774,518,45,112,203,158,
775,518,45,112,203,158,
776,518,45,112,203,158,
777,518,45,112,203,158,
778,518,45,112,203,158,
779,518,45,112,203,158,
780,518,45,112,203,158,
781,518,45,112,203,158,
782,518,45,112,203,158,
783,518,45,112,203,158,
784,518,45,112,203,158,
785,518,45,112,203,158,
786,518,45,112,203,158,
787,518,45,112,203,158,
788,518,45,112,203,158,
789,518,45,112,203,158,
790,518,45,112,203,158,
791,518,45,112,203,158,
792,518,45,112,203,158,
793,518,45,112,203,158,
794,518,45,112,203,158,
795,518,45,112,203,158,
796,518,45,112,203,158,
797,518,45,112,203,158,
798,518,45,112,203,158,
799,518,45,112,203,158,
800,518,45,112,203,158,
801,518,45,112,203,158,
802,518,45,112,203,158,
803,518,45,112,203,158,
804,518,45,112,203,158,
805,518,45,112,203,158,
806,518,45,112,203,158,
807,518,45,112,203,158,
808,518,45,112,203,158,
809,518,45,112,203,158,
810,518,45,112,203,158,
811,518,45,112,203,158,
812,518,45,112,203,158,
813,518,45,112,203,158,
814,518,45,112,203,158,
815,518,45,112,203,158,
816,518,45,112,203,158,
817,518,45,112,203,158,
818,518,45,112,203,158,
819,518,45,112,203,158,
820,518,45,112,203,158,
821,518,45,112,203,158,
822,518,45,112,203,158,
823,518,45,112,203,158,
824,518,45,112,203,158,
825,518,45,112,203,158,
826,518,45,112,203,158,
827,518,45,112,203,158,
828,518,45,112,203,158,
829,518,45,112,203,158,
830,518,45,112,203,158,
831,518,45,112,203,158,
832,518,45,112,203,158,
833,518,45,112,203,158,
834,518,45,112,203,158,
835,518,45,112,203,158,
836,518,45,112,203,158,
837,518,45,112,203,158,
838,518,45,112,203,158,
839,518,45,112,203,158,
840,518,45,112,203,158,
