sim-number,time,num-sus,num-lat,num-inf,num-rec,num-rmv,
0,0,1035,0,0,0,0,
0,1,1034,0,1,0,0,
0,2,1028,6,1,0,0,
0,3,1028,5,2,0,0,
0,4,1024,8,2,0,1,
0,5,1018,14,2,0,1,
0,6,1018,10,6,0,1,
0,7,1012,12,10,0,1,
0,8,1000,22,12,0,1,
0,9,997,18,19,0,1,
0,10,984,28,22,0,1,
0,11,980,26,27,0,2,
0,12,965,37,30,0,3,
0,13,962,32,37,0,4,
0,14,951,33,45,0,6,
0,15,931,48,48,0,8,
0,16,918,48,61,0,8,
0,17,907,50,67,0,11,
0,18,891,57,74,0,13,
0,19,878,61,79,0,17,
0,20,846,80,89,0,20,
0,21,823,82,106,0,24,
0,22,774,114,116,0,31,
0,23,765,99,140,0,31,
0,24,737,100,158,0,40,
0,25,735,88,164,0,48,
0,26,728,76,178,0,53,
0,27,705,92,175,0,63,
0,28,702,78,180,0,75,
0,29,690,75,187,0,83,
0,30,669,83,193,0,90,
0,31,656,87,189,0,103,
0,32,649,81,190,0,115,
0,33,637,74,200,0,124,
0,34,625,71,200,0,139,
0,35,595,90,206,0,144,
0,36,592,79,209,0,155,
0,37,570,86,216,0,163,
0,38,546,92,229,0,168,
0,39,524,98,239,0,174,
0,40,505,89,255,0,186,
0,41,476,101,265,0,193,
0,42,464,97,266,0,208,
0,43,450,90,275,0,220,
0,44,436,82,286,0,231,
0,45,432,76,284,0,243,
0,46,416,83,281,0,255,
0,47,414,65,287,0,269,
0,48,395,74,284,0,282,
0,49,388,62,291,0,294,
0,50,364,75,285,0,311,
0,51,352,70,288,0,325,
0,52,338,70,290,0,337,
0,53,320,75,287,0,353,
0,54,313,66,290,0,366,
0,55,290,71,295,0,379,
0,56,277,70,296,0,392,
0,57,255,78,297,0,405,
0,58,242,72,297,0,424,
0,59,210,96,285,0,444,
0,60,195,87,292,0,461,
0,61,174,94,294,0,473,
0,62,156,95,297,0,487,
0,63,147,91,294,0,503,
0,64,144,74,292,0,525,
0,65,125,76,298,0,536,
0,66,117,72,299,0,547,
0,67,105,70,301,0,559,
0,68,87,76,301,0,571,
0,69,78,68,299,0,590,
0,70,59,71,298,0,607,
0,71,55,67,290,0,623,
0,72,50,64,287,0,634,
0,73,45,59,284,0,647,
0,74,39,53,276,0,667,
0,75,37,47,273,0,678,
0,76,28,49,271,0,687,
0,77,24,48,264,0,699,
0,78,17,46,259,0,713,
0,79,14,41,250,0,730,
0,80,13,33,251,0,738,
0,81,11,28,248,0,748,
0,82,10,22,245,0,758,
0,83,10,19,237,0,769,
0,84,10,12,225,0,788,
0,85,9,12,215,0,799,
0,86,9,7,213,0,806,
0,87,9,7,199,0,820,
0,88,9,7,191,0,828,
0,89,9,5,186,0,835,
0,90,9,3,180,0,843,
0,91,9,3,171,0,852,
0,92,9,2,165,0,859,
0,93,9,2,155,0,869,
0,94,9,2,145,0,879,
0,95,9,2,138,0,886,
0,96,9,1,133,0,892,
0,97,9,1,127,0,898,
0,98,9,1,124,0,901,
0,99,9,0,116,0,910,
0,100,9,0,112,0,914,
0,101,9,0,106,0,920,
0,102,9,0,102,0,924,
0,103,9,0,98,0,928,
0,104,9,0,92,0,934,
0,105,9,0,88,0,938,
0,106,9,0,82,0,944,
0,107,9,0,78,0,948,
0,108,9,0,75,0,951,
0,109,9,0,71,0,955,
0,110,9,0,67,0,959,
0,111,9,0,63,0,963,
0,112,9,0,62,0,964,
0,113,9,0,55,0,971,
0,114,9,0,51,0,975,
0,115,9,0,50,0,976,
0,116,9,0,49,0,977,
0,117,9,0,47,0,979,
0,118,9,0,45,0,981,
0,119,9,0,41,0,985,
0,120,9,0,39,0,987,
0,121,9,0,38,0,988,
0,122,9,0,37,0,989,
0,123,9,0,36,0,990,
0,124,9,0,36,0,990,
0,125,9,0,35,0,991,
0,126,9,0,33,0,993,
0,127,9,0,32,0,994,
0,128,9,0,30,0,996,
0,129,9,0,28,0,998,
0,130,9,0,27,0,999,
0,131,9,0,25,0,1001,
0,132,9,0,24,0,1002,
0,133,9,0,20,0,1006,
0,134,9,0,20,0,1006,
0,135,9,0,17,0,1009,
0,136,9,0,17,0,1009,
0,137,9,0,16,0,1010,
0,138,9,0,14,0,1012,
0,139,9,0,14,0,1012,
0,140,9,0,13,0,1013,
0,141,9,0,13,0,1013,
0,142,9,0,13,0,1013,
0,143,9,0,13,0,1013,
0,144,9,0,13,0,1013,
0,145,9,0,13,0,1013,
0,146,9,0,13,0,1013,
0,147,9,0,13,0,1013,
0,148,9,0,12,0,1014,
0,149,9,0,11,0,1015,
0,150,9,0,10,0,1016,
0,151,9,0,10,0,1016,
0,152,9,0,9,0,1017,
0,153,9,0,9,0,1017,
0,154,9,0,9,0,1017,
0,155,9,0,9,0,1017,
0,156,9,0,8,0,1018,
0,157,9,0,8,0,1018,
0,158,9,0,7,0,1019,
0,159,9,0,6,0,1020,
0,160,9,0,6,0,1020,
0,161,9,0,6,0,1020,
0,162,9,0,5,0,1021,
0,163,9,0,5,0,1021,
0,164,9,0,5,0,1021,
0,165,9,0,5,0,1021,
0,166,9,0,5,0,1021,
0,167,9,0,5,0,1021,
0,168,9,0,5,0,1021,
0,169,9,0,5,0,1021,
0,170,9,0,5,0,1021,
0,171,9,0,5,0,1021,
0,172,9,0,5,0,1021,
0,173,9,0,5,0,1021,
0,174,9,0,5,0,1021,
0,175,9,0,5,0,1021,
0,176,9,0,5,0,1021,
0,177,9,0,5,0,1021,
0,178,9,0,4,0,1022,
0,179,9,0,4,0,1022,
0,180,9,0,4,0,1022,
0,181,9,0,4,0,1022,
0,182,9,0,4,0,1022,
0,183,9,0,4,0,1022,
0,184,9,0,4,0,1022,
0,185,9,0,4,0,1022,
0,186,9,0,4,0,1022,
0,187,9,0,4,0,1022,
0,188,9,0,4,0,1022,
0,189,9,0,4,0,1022,
0,190,9,0,4,0,1022,
0,191,9,0,4,0,1022,
0,192,9,0,3,0,1023,
0,193,9,0,3,0,1023,
0,194,9,0,3,0,1023,
0,195,9,0,3,0,1023,
0,196,9,0,2,0,1024,
0,197,9,0,2,0,1024,
0,198,9,0,2,0,1024,
0,199,9,0,2,0,1024,
0,200,9,0,2,0,1024,
0,201,9,0,1,0,1025,
0,202,9,0,0,0,1026,
0,203,9,0,0,0,1026,
0,204,9,0,0,0,1026,
0,205,9,0,0,0,1026,
0,206,9,0,0,0,1026,
0,207,9,0,0,0,1026,
0,208,9,0,0,0,1026,
0,209,9,0,0,0,1026,
0,210,9,0,0,0,1026,
0,211,9,0,0,0,1026,
0,212,9,0,0,0,1026,
0,213,9,0,0,0,1026,
0,214,9,0,0,0,1026,
0,215,9,0,0,0,1026,
0,216,9,0,0,0,1026,
0,217,9,0,0,0,1026,
0,218,9,0,0,0,1026,
0,219,9,0,0,0,1026,
0,220,9,0,0,0,1026,
0,221,9,0,0,0,1026,
0,222,9,0,0,0,1026,
0,223,9,0,0,0,1026,
0,224,9,0,0,0,1026,
0,225,9,0,0,0,1026,
0,226,9,0,0,0,1026,
0,227,9,0,0,0,1026,
0,228,9,0,0,0,1026,
0,229,9,0,0,0,1026,
0,230,9,0,0,0,1026,
0,231,9,0,0,0,1026,
0,232,9,0,0,0,1026,
0,233,9,0,0,0,1026,
0,234,9,0,0,0,1026,
0,235,9,0,0,0,1026,
0,236,9,0,0,0,1026,
0,237,9,0,0,0,1026,
0,238,9,0,0,0,1026,
0,239,9,0,0,0,1026,
0,240,9,0,0,0,1026,
0,241,9,0,0,0,1026,
0,242,9,0,0,0,1026,
0,243,9,0,0,0,1026,
0,244,9,0,0,0,1026,
0,245,9,0,0,0,1026,
0,246,9,0,0,0,1026,
0,247,9,0,0,0,1026,
0,248,9,0,0,0,1026,
0,249,9,0,0,0,1026,
0,250,9,0,0,0,1026,
0,251,9,0,0,0,1026,
0,252,9,0,0,0,1026,
0,253,9,0,0,0,1026,
0,254,9,0,0,0,1026,
0,255,9,0,0,0,1026,
0,256,9,0,0,0,1026,
0,257,9,0,0,0,1026,
0,258,9,0,0,0,1026,
0,259,9,0,0,0,1026,
0,260,9,0,0,0,1026,
0,261,9,0,0,0,1026,
0,262,9,0,0,0,1026,
0,263,9,0,0,0,1026,
0,264,9,0,0,0,1026,
0,265,9,0,0,0,1026,
0,266,9,0,0,0,1026,
0,267,9,0,0,0,1026,
0,268,9,0,0,0,1026,
0,269,9,0,0,0,1026,
0,270,9,0,0,0,1026,
0,271,9,0,0,0,1026,
0,272,9,0,0,0,1026,
0,273,9,0,0,0,1026,
0,274,9,0,0,0,1026,
0,275,9,0,0,0,1026,
0,276,9,0,0,0,1026,
0,277,9,0,0,0,1026,
0,278,9,0,0,0,1026,
0,279,9,0,0,0,1026,
0,280,9,0,0,0,1026,
0,281,9,0,0,0,1026,
0,282,9,0,0,0,1026,
0,283,9,0,0,0,1026,
0,284,9,0,0,0,1026,
0,285,9,0,0,0,1026,
0,286,9,0,0,0,1026,
0,287,9,0,0,0,1026,
0,288,9,0,0,0,1026,
0,289,9,0,0,0,1026,
0,290,9,0,0,0,1026,
0,291,9,0,0,0,1026,
0,292,9,0,0,0,1026,
0,293,9,0,0,0,1026,
0,294,9,0,0,0,1026,
0,295,9,0,0,0,1026,
0,296,9,0,0,0,1026,
0,297,9,0,0,0,1026,
0,298,9,0,0,0,1026,
0,299,9,0,0,0,1026,
0,300,9,0,0,0,1026,
0,301,9,0,0,0,1026,
0,302,9,0,0,0,1026,
0,303,9,0,0,0,1026,
0,304,9,0,0,0,1026,
0,305,9,0,0,0,1026,
0,306,9,0,0,0,1026,
0,307,9,0,0,0,1026,
0,308,9,0,0,0,1026,
0,309,9,0,0,0,1026,
0,310,9,0,0,0,1026,
0,311,9,0,0,0,1026,
0,312,9,0,0,0,1026,
0,313,9,0,0,0,1026,
0,314,9,0,0,0,1026,
0,315,9,0,0,0,1026,
0,316,9,0,0,0,1026,
0,317,9,0,0,0,1026,
0,318,9,0,0,0,1026,
0,319,9,0,0,0,1026,
0,320,9,0,0,0,1026,
0,321,9,0,0,0,1026,
0,322,9,0,0,0,1026,
0,323,9,0,0,0,1026,
0,324,9,0,0,0,1026,
0,325,9,0,0,0,1026,
0,326,9,0,0,0,1026,
0,327,9,0,0,0,1026,
0,328,9,0,0,0,1026,
0,329,9,0,0,0,1026,
0,330,9,0,0,0,1026,
0,331,9,0,0,0,1026,
0,332,9,0,0,0,1026,
0,333,9,0,0,0,1026,
0,334,9,0,0,0,1026,
0,335,9,0,0,0,1026,
0,336,9,0,0,0,1026,
0,337,9,0,0,0,1026,
0,338,9,0,0,0,1026,
0,339,9,0,0,0,1026,
0,340,9,0,0,0,1026,
0,341,9,0,0,0,1026,
0,342,9,0,0,0,1026,
0,343,9,0,0,0,1026,
0,344,9,0,0,0,1026,
0,345,9,0,0,0,1026,
0,346,9,0,0,0,1026,
0,347,9,0,0,0,1026,
0,348,9,0,0,0,1026,
0,349,9,0,0,0,1026,
0,350,9,0,0,0,1026,
0,351,9,0,0,0,1026,
0,352,9,0,0,0,1026,
0,353,9,0,0,0,1026,
0,354,9,0,0,0,1026,
0,355,9,0,0,0,1026,
0,356,9,0,0,0,1026,
0,357,9,0,0,0,1026,
0,358,9,0,0,0,1026,
0,359,9,0,0,0,1026,
0,360,9,0,0,0,1026,
0,361,9,0,0,0,1026,
0,362,9,0,0,0,1026,
0,363,9,0,0,0,1026,
0,364,9,0,0,0,1026,
1,0,1035,0,0,0,0,
1,1,1034,0,1,0,0,
1,2,1024,10,1,0,0,
1,3,1024,9,2,0,0,
1,4,1018,13,4,0,0,
1,5,1010,18,7,0,0,
1,6,999,21,15,0,0,
1,7,985,27,23,0,0,
1,8,967,41,27,0,0,
1,9,962,37,33,0,3,
1,10,932,63,37,0,3,
1,11,921,57,50,0,7,
1,12,897,66,62,0,10,
1,13,869,80,73,0,13,
1,14,842,84,94,0,15,
1,15,801,105,112,0,17,
1,16,776,110,128,0,21,
1,17,736,122,151,0,26,
1,18,715,119,170,0,31,
1,19,692,116,191,0,36,
1,20,666,120,209,0,40,
1,21,649,112,224,0,50,
1,22,642,98,236,0,59,
1,23,632,88,254,0,61,
1,24,611,87,262,0,75,
1,25,606,82,259,0,88,
1,26,598,76,265,0,96,
1,27,585,72,273,0,105,
1,28,579,64,269,0,123,
1,29,569,57,276,0,133,
1,30,550,64,276,0,145,
1,31,541,61,270,0,163,
1,32,516,73,271,0,175,
1,33,501,73,272,0,189,
1,34,483,80,268,0,204,
1,35,455,95,269,0,216,
1,36,432,100,275,0,228,
1,37,394,116,270,0,255,
1,38,365,121,283,0,266,
1,39,329,132,302,0,272,
1,40,289,140,323,0,283,
1,41,263,136,341,0,295,
1,42,239,131,348,0,317,
1,43,210,136,353,0,336,
1,44,185,130,371,0,349,
1,45,165,132,371,0,367,
1,46,155,114,375,0,391,
1,47,129,122,373,0,411,
1,48,124,104,380,0,427,
1,49,113,90,392,0,440,
1,50,93,91,390,0,461,
1,51,88,73,395,0,479,
1,52,75,74,393,0,493,
1,53,70,67,380,0,518,
1,54,64,62,366,0,543,
1,55,52,56,368,0,559,
1,56,41,54,363,0,577,
1,57,37,51,356,0,591,
1,58,30,47,357,0,601,
1,59,26,43,353,0,613,
1,60,24,39,342,0,630,
1,61,24,26,342,0,643,
1,62,17,26,330,0,662,
1,63,16,23,319,0,677,
1,64,15,17,308,0,695,
1,65,11,18,296,0,710,
1,66,11,17,283,0,724,
1,67,11,10,280,0,734,
1,68,11,8,270,0,746,
1,69,11,7,258,0,759,
1,70,10,6,247,0,772,
1,71,10,5,238,0,782,
1,72,10,4,229,0,792,
1,73,10,3,220,0,802,
1,74,10,2,209,0,814,
1,75,9,1,204,0,821,
1,76,9,1,201,0,824,
1,77,9,1,189,0,836,
1,78,9,0,187,0,839,
1,79,9,0,176,0,850,
1,80,9,0,171,0,855,
1,81,9,0,156,0,870,
1,82,9,0,150,0,876,
1,83,9,0,140,0,886,
1,84,9,0,135,0,891,
1,85,9,0,125,0,901,
1,86,9,0,121,0,905,
1,87,9,0,115,0,911,
1,88,9,0,105,0,921,
1,89,9,0,101,0,925,
1,90,9,0,99,0,927,
1,91,9,0,96,0,930,
1,92,9,0,93,0,933,
1,93,9,0,90,0,936,
1,94,9,0,85,0,941,
1,95,9,0,82,0,944,
1,96,9,0,77,0,949,
1,97,9,0,73,0,953,
1,98,9,0,67,0,959,
1,99,9,0,62,0,964,
1,100,9,0,60,0,966,
1,101,9,0,58,0,968,
1,102,9,0,55,0,971,
1,103,9,0,51,0,975,
1,104,9,0,50,0,976,
1,105,9,0,49,0,977,
1,106,9,0,44,0,982,
1,107,9,0,41,0,985,
1,108,9,0,37,0,989,
1,109,9,0,36,0,990,
1,110,9,0,35,0,991,
1,111,9,0,32,0,994,
1,112,9,0,32,0,994,
1,113,9,0,30,0,996,
1,114,9,0,30,0,996,
1,115,9,0,26,0,1000,
1,116,9,0,23,0,1003,
1,117,9,0,22,0,1004,
1,118,9,0,18,0,1008,
1,119,9,0,18,0,1008,
1,120,9,0,18,0,1008,
1,121,9,0,18,0,1008,
1,122,9,0,18,0,1008,
1,123,9,0,17,0,1009,
1,124,9,0,16,0,1010,
1,125,9,0,14,0,1012,
1,126,9,0,14,0,1012,
1,127,9,0,12,0,1014,
1,128,9,0,10,0,1016,
1,129,9,0,10,0,1016,
1,130,9,0,9,0,1017,
1,131,9,0,9,0,1017,
1,132,9,0,9,0,1017,
1,133,9,0,8,0,1018,
1,134,9,0,7,0,1019,
1,135,9,0,7,0,1019,
1,136,9,0,7,0,1019,
1,137,9,0,6,0,1020,
1,138,9,0,6,0,1020,
1,139,9,0,6,0,1020,
1,140,9,0,4,0,1022,
1,141,9,0,4,0,1022,
1,142,9,0,3,0,1023,
1,143,9,0,3,0,1023,
1,144,9,0,3,0,1023,
1,145,9,0,3,0,1023,
1,146,9,0,3,0,1023,
1,147,9,0,3,0,1023,
1,148,9,0,2,0,1024,
1,149,9,0,1,0,1025,
1,150,9,0,1,0,1025,
1,151,9,0,0,0,1026,
1,152,9,0,0,0,1026,
1,153,9,0,0,0,1026,
1,154,9,0,0,0,1026,
1,155,9,0,0,0,1026,
1,156,9,0,0,0,1026,
1,157,9,0,0,0,1026,
1,158,9,0,0,0,1026,
1,159,9,0,0,0,1026,
1,160,9,0,0,0,1026,
1,161,9,0,0,0,1026,
1,162,9,0,0,0,1026,
1,163,9,0,0,0,1026,
1,164,9,0,0,0,1026,
1,165,9,0,0,0,1026,
1,166,9,0,0,0,1026,
1,167,9,0,0,0,1026,
1,168,9,0,0,0,1026,
1,169,9,0,0,0,1026,
1,170,9,0,0,0,1026,
1,171,9,0,0,0,1026,
1,172,9,0,0,0,1026,
1,173,9,0,0,0,1026,
1,174,9,0,0,0,1026,
1,175,9,0,0,0,1026,
1,176,9,0,0,0,1026,
1,177,9,0,0,0,1026,
1,178,9,0,0,0,1026,
1,179,9,0,0,0,1026,
1,180,9,0,0,0,1026,
1,181,9,0,0,0,1026,
1,182,9,0,0,0,1026,
1,183,9,0,0,0,1026,
1,184,9,0,0,0,1026,
1,185,9,0,0,0,1026,
1,186,9,0,0,0,1026,
1,187,9,0,0,0,1026,
1,188,9,0,0,0,1026,
1,189,9,0,0,0,1026,
1,190,9,0,0,0,1026,
1,191,9,0,0,0,1026,
1,192,9,0,0,0,1026,
1,193,9,0,0,0,1026,
1,194,9,0,0,0,1026,
1,195,9,0,0,0,1026,
1,196,9,0,0,0,1026,
1,197,9,0,0,0,1026,
1,198,9,0,0,0,1026,
1,199,9,0,0,0,1026,
1,200,9,0,0,0,1026,
1,201,9,0,0,0,1026,
1,202,9,0,0,0,1026,
1,203,9,0,0,0,1026,
1,204,9,0,0,0,1026,
1,205,9,0,0,0,1026,
1,206,9,0,0,0,1026,
1,207,9,0,0,0,1026,
1,208,9,0,0,0,1026,
1,209,9,0,0,0,1026,
1,210,9,0,0,0,1026,
1,211,9,0,0,0,1026,
1,212,9,0,0,0,1026,
1,213,9,0,0,0,1026,
1,214,9,0,0,0,1026,
1,215,9,0,0,0,1026,
1,216,9,0,0,0,1026,
1,217,9,0,0,0,1026,
1,218,9,0,0,0,1026,
1,219,9,0,0,0,1026,
1,220,9,0,0,0,1026,
1,221,9,0,0,0,1026,
1,222,9,0,0,0,1026,
1,223,9,0,0,0,1026,
1,224,9,0,0,0,1026,
1,225,9,0,0,0,1026,
1,226,9,0,0,0,1026,
1,227,9,0,0,0,1026,
1,228,9,0,0,0,1026,
1,229,9,0,0,0,1026,
1,230,9,0,0,0,1026,
1,231,9,0,0,0,1026,
1,232,9,0,0,0,1026,
1,233,9,0,0,0,1026,
1,234,9,0,0,0,1026,
1,235,9,0,0,0,1026,
1,236,9,0,0,0,1026,
1,237,9,0,0,0,1026,
1,238,9,0,0,0,1026,
1,239,9,0,0,0,1026,
1,240,9,0,0,0,1026,
1,241,9,0,0,0,1026,
1,242,9,0,0,0,1026,
1,243,9,0,0,0,1026,
1,244,9,0,0,0,1026,
1,245,9,0,0,0,1026,
1,246,9,0,0,0,1026,
1,247,9,0,0,0,1026,
1,248,9,0,0,0,1026,
1,249,9,0,0,0,1026,
1,250,9,0,0,0,1026,
1,251,9,0,0,0,1026,
1,252,9,0,0,0,1026,
1,253,9,0,0,0,1026,
1,254,9,0,0,0,1026,
1,255,9,0,0,0,1026,
1,256,9,0,0,0,1026,
1,257,9,0,0,0,1026,
1,258,9,0,0,0,1026,
1,259,9,0,0,0,1026,
1,260,9,0,0,0,1026,
1,261,9,0,0,0,1026,
1,262,9,0,0,0,1026,
1,263,9,0,0,0,1026,
1,264,9,0,0,0,1026,
1,265,9,0,0,0,1026,
1,266,9,0,0,0,1026,
1,267,9,0,0,0,1026,
1,268,9,0,0,0,1026,
1,269,9,0,0,0,1026,
1,270,9,0,0,0,1026,
1,271,9,0,0,0,1026,
1,272,9,0,0,0,1026,
1,273,9,0,0,0,1026,
1,274,9,0,0,0,1026,
1,275,9,0,0,0,1026,
1,276,9,0,0,0,1026,
1,277,9,0,0,0,1026,
1,278,9,0,0,0,1026,
1,279,9,0,0,0,1026,
1,280,9,0,0,0,1026,
1,281,9,0,0,0,1026,
1,282,9,0,0,0,1026,
1,283,9,0,0,0,1026,
1,284,9,0,0,0,1026,
1,285,9,0,0,0,1026,
1,286,9,0,0,0,1026,
1,287,9,0,0,0,1026,
1,288,9,0,0,0,1026,
1,289,9,0,0,0,1026,
1,290,9,0,0,0,1026,
1,291,9,0,0,0,1026,
1,292,9,0,0,0,1026,
1,293,9,0,0,0,1026,
1,294,9,0,0,0,1026,
1,295,9,0,0,0,1026,
1,296,9,0,0,0,1026,
1,297,9,0,0,0,1026,
1,298,9,0,0,0,1026,
1,299,9,0,0,0,1026,
1,300,9,0,0,0,1026,
1,301,9,0,0,0,1026,
1,302,9,0,0,0,1026,
1,303,9,0,0,0,1026,
1,304,9,0,0,0,1026,
1,305,9,0,0,0,1026,
1,306,9,0,0,0,1026,
1,307,9,0,0,0,1026,
1,308,9,0,0,0,1026,
1,309,9,0,0,0,1026,
1,310,9,0,0,0,1026,
1,311,9,0,0,0,1026,
1,312,9,0,0,0,1026,
1,313,9,0,0,0,1026,
1,314,9,0,0,0,1026,
1,315,9,0,0,0,1026,
1,316,9,0,0,0,1026,
1,317,9,0,0,0,1026,
1,318,9,0,0,0,1026,
1,319,9,0,0,0,1026,
1,320,9,0,0,0,1026,
1,321,9,0,0,0,1026,
1,322,9,0,0,0,1026,
1,323,9,0,0,0,1026,
1,324,9,0,0,0,1026,
1,325,9,0,0,0,1026,
1,326,9,0,0,0,1026,
1,327,9,0,0,0,1026,
1,328,9,0,0,0,1026,
1,329,9,0,0,0,1026,
1,330,9,0,0,0,1026,
1,331,9,0,0,0,1026,
1,332,9,0,0,0,1026,
1,333,9,0,0,0,1026,
1,334,9,0,0,0,1026,
1,335,9,0,0,0,1026,
1,336,9,0,0,0,1026,
1,337,9,0,0,0,1026,
1,338,9,0,0,0,1026,
1,339,9,0,0,0,1026,
1,340,9,0,0,0,1026,
1,341,9,0,0,0,1026,
1,342,9,0,0,0,1026,
1,343,9,0,0,0,1026,
1,344,9,0,0,0,1026,
1,345,9,0,0,0,1026,
1,346,9,0,0,0,1026,
1,347,9,0,0,0,1026,
1,348,9,0,0,0,1026,
1,349,9,0,0,0,1026,
1,350,9,0,0,0,1026,
1,351,9,0,0,0,1026,
1,352,9,0,0,0,1026,
1,353,9,0,0,0,1026,
1,354,9,0,0,0,1026,
1,355,9,0,0,0,1026,
1,356,9,0,0,0,1026,
1,357,9,0,0,0,1026,
1,358,9,0,0,0,1026,
1,359,9,0,0,0,1026,
1,360,9,0,0,0,1026,
1,361,9,0,0,0,1026,
1,362,9,0,0,0,1026,
1,363,9,0,0,0,1026,
1,364,9,0,0,0,1026,
2,0,1035,0,0,0,0,
2,1,1034,0,1,0,0,
2,2,1031,3,1,0,0,
2,3,1031,3,1,0,0,
2,4,1031,3,1,0,0,
2,5,1031,3,1,0,0,
2,6,1031,3,1,0,0,
2,7,1031,3,1,0,0,
2,8,1031,3,1,0,0,
2,9,1031,2,2,0,0,
2,10,1025,8,2,0,0,
2,11,1025,5,5,0,0,
2,12,1019,9,6,0,1,
2,13,1017,9,8,0,1,
2,14,1014,12,6,0,3,
2,15,1014,10,8,0,3,
2,16,1007,13,12,0,3,
2,17,999,16,16,0,4,
2,18,980,33,17,0,5,
2,19,979,27,22,0,7,
2,20,954,47,26,0,8,
2,21,949,42,35,0,9,
2,22,920,64,42,0,9,
2,23,918,54,53,0,10,
2,24,892,68,63,0,12,
2,25,881,65,74,0,15,
2,26,864,69,84,0,18,
2,27,847,70,96,0,22,
2,28,841,62,104,0,28,
2,29,826,66,108,0,35,
2,30,813,65,113,0,44,
2,31,800,64,121,0,50,
2,32,767,78,135,0,55,
2,33,753,76,148,0,58,
2,34,737,79,156,0,63,
2,35,720,79,164,0,72,
2,36,698,88,172,0,77,
2,37,688,76,184,0,87,
2,38,677,77,191,0,90,
2,39,666,78,191,0,100,
2,40,662,59,206,0,108,
2,41,647,66,207,0,115,
2,42,647,57,204,0,127,
2,43,644,48,210,0,133,
2,44,641,39,215,0,140,
2,45,636,37,214,0,148,
2,46,635,30,216,0,154,
2,47,623,36,213,0,163,
2,48,614,41,207,0,173,
2,49,610,38,202,0,185,
2,50,607,32,202,0,194,
2,51,594,36,204,0,201,
2,52,578,50,197,0,210,
2,53,578,41,200,0,216,
2,54,556,56,200,0,223,
2,55,544,59,198,0,234,
2,56,537,52,204,0,242,
2,57,519,64,200,0,252,
2,58,515,61,197,0,262,
2,59,502,67,190,0,276,
2,60,496,57,200,0,282,
2,61,471,72,196,0,296,
2,62,465,65,202,0,303,
2,63,439,75,209,0,312,
2,64,416,88,213,0,318,
2,65,401,94,214,0,326,
2,66,390,85,222,0,338,
2,67,355,103,226,0,351,
2,68,327,111,242,0,355,
2,69,316,103,252,0,364,
2,70,286,112,259,0,378,
2,71,265,110,272,0,388,
2,72,236,115,284,0,400,
2,73,209,123,291,0,412,
2,74,194,116,301,0,424,
2,75,186,100,305,0,444,
2,76,172,89,313,0,461,
2,77,165,79,319,0,472,
2,78,153,72,322,0,488,
2,79,147,66,320,0,502,
2,80,133,68,324,0,510,
2,81,126,62,322,0,525,
2,82,115,63,315,0,542,
2,83,107,61,307,0,560,
2,84,106,47,309,0,573,
2,85,90,53,297,0,595,
2,86,86,49,289,0,611,
2,87,83,40,290,0,622,
2,88,70,40,292,0,633,
2,89,65,39,283,0,648,
2,90,59,37,269,0,670,
2,91,57,32,261,0,685,
2,92,52,29,253,0,701,
2,93,36,41,248,0,710,
2,94,33,40,240,0,722,
2,95,28,38,230,0,739,
2,96,22,38,224,0,751,
2,97,20,31,227,0,757,
2,98,18,25,224,0,768,
2,99,17,22,221,0,775,
2,100,17,20,218,0,780,
2,101,17,16,206,0,796,
2,102,17,12,197,0,809,
2,103,17,9,188,0,821,
2,104,17,6,180,0,832,
2,105,17,5,168,0,845,
2,106,17,5,159,0,854,
2,107,17,5,153,0,860,
2,108,17,5,147,0,866,
2,109,17,3,144,0,871,
2,110,17,2,138,0,878,
2,111,17,2,131,0,885,
2,112,17,2,120,0,896,
2,113,17,2,114,0,902,
2,114,17,2,109,0,907,
2,115,17,2,106,0,910,
2,116,17,2,102,0,914,
2,117,17,0,96,0,922,
2,118,17,0,93,0,925,
2,119,17,0,91,0,927,
2,120,17,0,86,0,932,
2,121,17,0,82,0,936,
2,122,17,0,79,0,939,
2,123,17,0,76,0,942,
2,124,17,0,71,0,947,
2,125,17,0,68,0,950,
2,126,17,0,66,0,952,
2,127,17,0,63,0,955,
2,128,17,0,60,0,958,
2,129,17,0,58,0,960,
2,130,17,0,55,0,963,
2,131,17,0,52,0,966,
2,132,17,0,51,0,967,
2,133,17,0,50,0,968,
2,134,17,0,47,0,971,
2,135,17,0,44,0,974,
2,136,17,0,42,0,976,
2,137,17,0,41,0,977,
2,138,17,0,39,0,979,
2,139,17,0,38,0,980,
2,140,17,0,36,0,982,
2,141,17,0,36,0,982,
2,142,17,0,33,0,985,
2,143,17,0,32,0,986,
2,144,17,0,31,0,987,
2,145,17,0,30,0,988,
2,146,17,0,27,0,991,
2,147,17,0,27,0,991,
2,148,17,0,24,0,994,
2,149,17,0,23,0,995,
2,150,17,0,20,0,998,
2,151,17,0,19,0,999,
2,152,17,0,18,0,1000,
2,153,17,0,15,0,1003,
2,154,17,0,14,0,1004,
2,155,17,0,14,0,1004,
2,156,17,0,14,0,1004,
2,157,17,0,14,0,1004,
2,158,17,0,13,0,1005,
2,159,17,0,13,0,1005,
2,160,17,0,12,0,1006,
2,161,17,0,11,0,1007,
2,162,17,0,11,0,1007,
2,163,17,0,11,0,1007,
2,164,17,0,10,0,1008,
2,165,17,0,8,0,1010,
2,166,17,0,8,0,1010,
2,167,17,0,6,0,1012,
2,168,17,0,6,0,1012,
2,169,17,0,6,0,1012,
2,170,17,0,5,0,1013,
2,171,17,0,5,0,1013,
2,172,17,0,5,0,1013,
2,173,17,0,5,0,1013,
2,174,17,0,5,0,1013,
2,175,17,0,4,0,1014,
2,176,17,0,4,0,1014,
2,177,17,0,4,0,1014,
2,178,17,0,4,0,1014,
2,179,17,0,4,0,1014,
2,180,17,0,4,0,1014,
2,181,17,0,4,0,1014,
2,182,17,0,4,0,1014,
2,183,17,0,4,0,1014,
2,184,17,0,4,0,1014,
2,185,17,0,4,0,1014,
2,186,17,0,3,0,1015,
2,187,17,0,3,0,1015,
2,188,17,0,3,0,1015,
2,189,17,0,2,0,1016,
2,190,17,0,2,0,1016,
2,191,17,0,2,0,1016,
2,192,17,0,2,0,1016,
2,193,17,0,2,0,1016,
2,194,17,0,1,0,1017,
2,195,17,0,1,0,1017,
2,196,17,0,1,0,1017,
2,197,17,0,1,0,1017,
2,198,17,0,1,0,1017,
2,199,17,0,1,0,1017,
2,200,17,0,1,0,1017,
2,201,17,0,1,0,1017,
2,202,17,0,1,0,1017,
2,203,17,0,1,0,1017,
2,204,17,0,1,0,1017,
2,205,17,0,1,0,1017,
2,206,17,0,1,0,1017,
2,207,17,0,1,0,1017,
2,208,17,0,1,0,1017,
2,209,17,0,1,0,1017,
2,210,17,0,1,0,1017,
2,211,17,0,1,0,1017,
2,212,17,0,1,0,1017,
2,213,17,0,1,0,1017,
2,214,17,0,1,0,1017,
2,215,17,0,1,0,1017,
2,216,17,0,1,0,1017,
2,217,17,0,1,0,1017,
2,218,17,0,0,0,1018,
2,219,17,0,0,0,1018,
2,220,17,0,0,0,1018,
2,221,17,0,0,0,1018,
2,222,17,0,0,0,1018,
2,223,17,0,0,0,1018,
2,224,17,0,0,0,1018,
2,225,17,0,0,0,1018,
2,226,17,0,0,0,1018,
2,227,17,0,0,0,1018,
2,228,17,0,0,0,1018,
2,229,17,0,0,0,1018,
2,230,17,0,0,0,1018,
2,231,17,0,0,0,1018,
2,232,17,0,0,0,1018,
2,233,17,0,0,0,1018,
2,234,17,0,0,0,1018,
2,235,17,0,0,0,1018,
2,236,17,0,0,0,1018,
2,237,17,0,0,0,1018,
2,238,17,0,0,0,1018,
2,239,17,0,0,0,1018,
2,240,17,0,0,0,1018,
2,241,17,0,0,0,1018,
2,242,17,0,0,0,1018,
2,243,17,0,0,0,1018,
2,244,17,0,0,0,1018,
2,245,17,0,0,0,1018,
2,246,17,0,0,0,1018,
2,247,17,0,0,0,1018,
2,248,17,0,0,0,1018,
2,249,17,0,0,0,1018,
2,250,17,0,0,0,1018,
2,251,17,0,0,0,1018,
2,252,17,0,0,0,1018,
2,253,17,0,0,0,1018,
2,254,17,0,0,0,1018,
2,255,17,0,0,0,1018,
2,256,17,0,0,0,1018,
2,257,17,0,0,0,1018,
2,258,17,0,0,0,1018,
2,259,17,0,0,0,1018,
2,260,17,0,0,0,1018,
2,261,17,0,0,0,1018,
2,262,17,0,0,0,1018,
2,263,17,0,0,0,1018,
2,264,17,0,0,0,1018,
2,265,17,0,0,0,1018,
2,266,17,0,0,0,1018,
2,267,17,0,0,0,1018,
2,268,17,0,0,0,1018,
2,269,17,0,0,0,1018,
2,270,17,0,0,0,1018,
2,271,17,0,0,0,1018,
2,272,17,0,0,0,1018,
2,273,17,0,0,0,1018,
2,274,17,0,0,0,1018,
2,275,17,0,0,0,1018,
2,276,17,0,0,0,1018,
2,277,17,0,0,0,1018,
2,278,17,0,0,0,1018,
2,279,17,0,0,0,1018,
2,280,17,0,0,0,1018,
2,281,17,0,0,0,1018,
2,282,17,0,0,0,1018,
2,283,17,0,0,0,1018,
2,284,17,0,0,0,1018,
2,285,17,0,0,0,1018,
2,286,17,0,0,0,1018,
2,287,17,0,0,0,1018,
2,288,17,0,0,0,1018,
2,289,17,0,0,0,1018,
2,290,17,0,0,0,1018,
2,291,17,0,0,0,1018,
2,292,17,0,0,0,1018,
2,293,17,0,0,0,1018,
2,294,17,0,0,0,1018,
2,295,17,0,0,0,1018,
2,296,17,0,0,0,1018,
2,297,17,0,0,0,1018,
2,298,17,0,0,0,1018,
2,299,17,0,0,0,1018,
2,300,17,0,0,0,1018,
2,301,17,0,0,0,1018,
2,302,17,0,0,0,1018,
2,303,17,0,0,0,1018,
2,304,17,0,0,0,1018,
2,305,17,0,0,0,1018,
2,306,17,0,0,0,1018,
2,307,17,0,0,0,1018,
2,308,17,0,0,0,1018,
2,309,17,0,0,0,1018,
2,310,17,0,0,0,1018,
2,311,17,0,0,0,1018,
2,312,17,0,0,0,1018,
2,313,17,0,0,0,1018,
2,314,17,0,0,0,1018,
2,315,17,0,0,0,1018,
2,316,17,0,0,0,1018,
2,317,17,0,0,0,1018,
2,318,17,0,0,0,1018,
2,319,17,0,0,0,1018,
2,320,17,0,0,0,1018,
2,321,17,0,0,0,1018,
2,322,17,0,0,0,1018,
2,323,17,0,0,0,1018,
2,324,17,0,0,0,1018,
2,325,17,0,0,0,1018,
2,326,17,0,0,0,1018,
2,327,17,0,0,0,1018,
2,328,17,0,0,0,1018,
2,329,17,0,0,0,1018,
2,330,17,0,0,0,1018,
2,331,17,0,0,0,1018,
2,332,17,0,0,0,1018,
2,333,17,0,0,0,1018,
2,334,17,0,0,0,1018,
2,335,17,0,0,0,1018,
2,336,17,0,0,0,1018,
2,337,17,0,0,0,1018,
2,338,17,0,0,0,1018,
2,339,17,0,0,0,1018,
2,340,17,0,0,0,1018,
2,341,17,0,0,0,1018,
2,342,17,0,0,0,1018,
2,343,17,0,0,0,1018,
2,344,17,0,0,0,1018,
2,345,17,0,0,0,1018,
2,346,17,0,0,0,1018,
2,347,17,0,0,0,1018,
2,348,17,0,0,0,1018,
2,349,17,0,0,0,1018,
2,350,17,0,0,0,1018,
2,351,17,0,0,0,1018,
2,352,17,0,0,0,1018,
2,353,17,0,0,0,1018,
2,354,17,0,0,0,1018,
2,355,17,0,0,0,1018,
2,356,17,0,0,0,1018,
2,357,17,0,0,0,1018,
2,358,17,0,0,0,1018,
2,359,17,0,0,0,1018,
2,360,17,0,0,0,1018,
2,361,17,0,0,0,1018,
2,362,17,0,0,0,1018,
2,363,17,0,0,0,1018,
2,364,17,0,0,0,1018,
3,0,1035,0,0,0,0,
3,1,1034,0,1,0,0,
3,2,1025,9,1,0,0,
3,3,1025,7,3,0,0,
3,4,1008,22,4,0,1,
3,5,1004,23,7,0,1,
3,6,990,35,9,0,1,
3,7,980,35,19,0,1,
3,8,958,52,23,0,2,
3,9,943,60,30,0,2,
3,10,927,63,40,0,5,
3,11,886,86,57,0,6,
3,12,861,96,70,0,8,
3,13,830,111,83,0,11,
3,14,820,107,91,0,17,
3,15,808,93,113,0,21,
3,16,785,101,120,0,29,
3,17,782,86,134,0,33,
3,18,772,78,148,0,37,
3,19,766,68,159,0,42,
3,20,749,73,167,0,46,
3,21,740,67,178,0,50,
3,22,732,58,184,0,61,
3,23,724,55,188,0,68,
3,24,714,52,192,0,77,
3,25,701,58,191,0,85,
3,26,694,53,189,0,99,
3,27,662,76,184,0,113,
3,28,650,66,196,0,123,
3,29,614,89,198,0,134,
3,30,601,85,203,0,146,
3,31,593,75,213,0,154,
3,32,580,71,222,0,162,
3,33,568,66,226,0,175,
3,34,559,65,217,0,194,
3,35,554,61,211,0,209,
3,36,536,67,215,0,217,
3,37,527,62,214,0,232,
3,38,501,78,217,0,239,
3,39,486,79,218,0,252,
3,40,462,91,221,0,261,
3,41,451,84,232,0,268,
3,42,438,78,239,0,280,
3,43,415,82,249,0,289,
3,44,400,82,250,0,303,
3,45,387,82,252,0,314,
3,46,368,85,258,0,324,
3,47,353,88,258,0,336,
3,48,329,98,263,0,345,
3,49,313,92,274,0,356,
3,50,284,102,285,0,364,
3,51,256,112,283,0,384,
3,52,242,99,302,0,392,
3,53,231,90,313,0,401,
3,54,213,90,317,0,415,
3,55,199,88,315,0,433,
3,56,182,83,324,0,446,
3,57,163,82,329,0,461,
3,58,153,80,329,0,473,
3,59,147,68,332,0,488,
3,60,132,68,326,0,509,
3,61,126,63,325,0,521,
3,62,119,57,317,0,542,
3,63,117,46,312,0,560,
3,64,109,42,306,0,578,
3,65,102,43,299,0,591,
3,66,94,46,291,0,604,
3,67,89,45,287,0,614,
3,68,85,42,276,0,632,
3,69,76,43,274,0,642,
3,70,72,40,269,0,654,
3,71,65,43,263,0,664,
3,72,60,40,259,0,676,
3,73,59,36,258,0,682,
3,74,55,33,259,0,688,
3,75,52,28,254,0,701,
3,76,48,26,249,0,712,
3,77,45,26,242,0,722,
3,78,42,25,236,0,732,
3,79,42,19,227,0,747,
3,80,39,18,219,0,759,
3,81,38,15,210,0,772,
3,82,35,15,192,0,793,
3,83,34,10,188,0,803,
3,84,29,14,182,0,810,
3,85,29,10,184,0,812,
3,86,24,11,183,0,817,
3,87,21,13,176,0,825,
3,88,19,13,169,0,834,
3,89,19,12,159,0,845,
3,90,18,8,156,0,853,
3,91,16,9,155,0,855,
3,92,15,8,154,0,858,
3,93,14,7,152,0,862,
3,94,14,7,144,0,870,
3,95,14,5,136,0,880,
3,96,14,5,132,0,884,
3,97,14,4,130,0,887,
3,98,14,4,127,0,890,
3,99,14,3,125,0,893,
3,100,14,2,122,0,897,
3,101,13,3,115,0,904,
3,102,13,3,111,0,908,
3,103,13,1,108,0,913,
3,104,13,1,104,0,917,
3,105,13,1,102,0,919,
3,106,13,0,95,0,927,
3,107,13,0,89,0,933,
3,108,13,0,83,0,939,
3,109,13,0,82,0,940,
3,110,13,0,81,0,941,
3,111,13,0,79,0,943,
3,112,13,0,73,0,949,
3,113,13,0,71,0,951,
3,114,13,0,68,0,954,
3,115,13,0,61,0,961,
3,116,13,0,57,0,965,
3,117,13,0,54,0,968,
3,118,13,0,51,0,971,
3,119,13,0,47,0,975,
3,120,13,0,45,0,977,
3,121,13,0,42,0,980,
3,122,13,0,40,0,982,
3,123,13,0,38,0,984,
3,124,13,0,36,0,986,
3,125,13,0,36,0,986,
3,126,13,0,36,0,986,
3,127,13,0,35,0,987,
3,128,13,0,35,0,987,
3,129,13,0,33,0,989,
3,130,13,0,31,0,991,
3,131,13,0,29,0,993,
3,132,13,0,28,0,994,
3,133,13,0,28,0,994,
3,134,13,0,24,0,998,
3,135,13,0,23,0,999,
3,136,13,0,22,0,1000,
3,137,13,0,22,0,1000,
3,138,13,0,21,0,1001,
3,139,13,0,21,0,1001,
3,140,13,0,21,0,1001,
3,141,13,0,19,0,1003,
3,142,13,0,19,0,1003,
3,143,13,0,19,0,1003,
3,144,13,0,18,0,1004,
3,145,13,0,16,0,1006,
3,146,13,0,14,0,1008,
3,147,13,0,14,0,1008,
3,148,13,0,12,0,1010,
3,149,13,0,12,0,1010,
3,150,13,0,11,0,1011,
3,151,13,0,11,0,1011,
3,152,13,0,7,0,1015,
3,153,13,0,7,0,1015,
3,154,13,0,7,0,1015,
3,155,13,0,7,0,1015,
3,156,13,0,7,0,1015,
3,157,13,0,7,0,1015,
3,158,13,0,7,0,1015,
3,159,13,0,7,0,1015,
3,160,13,0,6,0,1016,
3,161,13,0,5,0,1017,
3,162,13,0,4,0,1018,
3,163,13,0,4,0,1018,
3,164,13,0,4,0,1018,
3,165,13,0,4,0,1018,
3,166,13,0,4,0,1018,
3,167,13,0,4,0,1018,
3,168,13,0,4,0,1018,
3,169,13,0,4,0,1018,
3,170,13,0,3,0,1019,
3,171,13,0,3,0,1019,
3,172,13,0,2,0,1020,
3,173,13,0,2,0,1020,
3,174,13,0,2,0,1020,
3,175,13,0,2,0,1020,
3,176,13,0,2,0,1020,
3,177,13,0,2,0,1020,
3,178,13,0,2,0,1020,
3,179,13,0,2,0,1020,
3,180,13,0,1,0,1021,
3,181,13,0,1,0,1021,
3,182,13,0,1,0,1021,
3,183,13,0,1,0,1021,
3,184,13,0,1,0,1021,
3,185,13,0,1,0,1021,
3,186,13,0,1,0,1021,
3,187,13,0,1,0,1021,
3,188,13,0,1,0,1021,
3,189,13,0,1,0,1021,
3,190,13,0,1,0,1021,
3,191,13,0,1,0,1021,
3,192,13,0,1,0,1021,
3,193,13,0,1,0,1021,
3,194,13,0,1,0,1021,
3,195,13,0,1,0,1021,
3,196,13,0,1,0,1021,
3,197,13,0,1,0,1021,
3,198,13,0,1,0,1021,
3,199,13,0,1,0,1021,
3,200,13,0,1,0,1021,
3,201,13,0,1,0,1021,
3,202,13,0,1,0,1021,
3,203,13,0,1,0,1021,
3,204,13,0,0,0,1022,
3,205,13,0,0,0,1022,
3,206,13,0,0,0,1022,
3,207,13,0,0,0,1022,
3,208,13,0,0,0,1022,
3,209,13,0,0,0,1022,
3,210,13,0,0,0,1022,
3,211,13,0,0,0,1022,
3,212,13,0,0,0,1022,
3,213,13,0,0,0,1022,
3,214,13,0,0,0,1022,
3,215,13,0,0,0,1022,
3,216,13,0,0,0,1022,
3,217,13,0,0,0,1022,
3,218,13,0,0,0,1022,
3,219,13,0,0,0,1022,
3,220,13,0,0,0,1022,
3,221,13,0,0,0,1022,
3,222,13,0,0,0,1022,
3,223,13,0,0,0,1022,
3,224,13,0,0,0,1022,
3,225,13,0,0,0,1022,
3,226,13,0,0,0,1022,
3,227,13,0,0,0,1022,
3,228,13,0,0,0,1022,
3,229,13,0,0,0,1022,
3,230,13,0,0,0,1022,
3,231,13,0,0,0,1022,
3,232,13,0,0,0,1022,
3,233,13,0,0,0,1022,
3,234,13,0,0,0,1022,
3,235,13,0,0,0,1022,
3,236,13,0,0,0,1022,
3,237,13,0,0,0,1022,
3,238,13,0,0,0,1022,
3,239,13,0,0,0,1022,
3,240,13,0,0,0,1022,
3,241,13,0,0,0,1022,
3,242,13,0,0,0,1022,
3,243,13,0,0,0,1022,
3,244,13,0,0,0,1022,
3,245,13,0,0,0,1022,
3,246,13,0,0,0,1022,
3,247,13,0,0,0,1022,
3,248,13,0,0,0,1022,
3,249,13,0,0,0,1022,
3,250,13,0,0,0,1022,
3,251,13,0,0,0,1022,
3,252,13,0,0,0,1022,
3,253,13,0,0,0,1022,
3,254,13,0,0,0,1022,
3,255,13,0,0,0,1022,
3,256,13,0,0,0,1022,
3,257,13,0,0,0,1022,
3,258,13,0,0,0,1022,
3,259,13,0,0,0,1022,
3,260,13,0,0,0,1022,
3,261,13,0,0,0,1022,
3,262,13,0,0,0,1022,
3,263,13,0,0,0,1022,
3,264,13,0,0,0,1022,
3,265,13,0,0,0,1022,
3,266,13,0,0,0,1022,
3,267,13,0,0,0,1022,
3,268,13,0,0,0,1022,
3,269,13,0,0,0,1022,
3,270,13,0,0,0,1022,
3,271,13,0,0,0,1022,
3,272,13,0,0,0,1022,
3,273,13,0,0,0,1022,
3,274,13,0,0,0,1022,
3,275,13,0,0,0,1022,
3,276,13,0,0,0,1022,
3,277,13,0,0,0,1022,
3,278,13,0,0,0,1022,
3,279,13,0,0,0,1022,
3,280,13,0,0,0,1022,
3,281,13,0,0,0,1022,
3,282,13,0,0,0,1022,
3,283,13,0,0,0,1022,
3,284,13,0,0,0,1022,
3,285,13,0,0,0,1022,
3,286,13,0,0,0,1022,
3,287,13,0,0,0,1022,
3,288,13,0,0,0,1022,
3,289,13,0,0,0,1022,
3,290,13,0,0,0,1022,
3,291,13,0,0,0,1022,
3,292,13,0,0,0,1022,
3,293,13,0,0,0,1022,
3,294,13,0,0,0,1022,
3,295,13,0,0,0,1022,
3,296,13,0,0,0,1022,
3,297,13,0,0,0,1022,
3,298,13,0,0,0,1022,
3,299,13,0,0,0,1022,
3,300,13,0,0,0,1022,
3,301,13,0,0,0,1022,
3,302,13,0,0,0,1022,
3,303,13,0,0,0,1022,
3,304,13,0,0,0,1022,
3,305,13,0,0,0,1022,
3,306,13,0,0,0,1022,
3,307,13,0,0,0,1022,
3,308,13,0,0,0,1022,
3,309,13,0,0,0,1022,
3,310,13,0,0,0,1022,
3,311,13,0,0,0,1022,
3,312,13,0,0,0,1022,
3,313,13,0,0,0,1022,
3,314,13,0,0,0,1022,
3,315,13,0,0,0,1022,
3,316,13,0,0,0,1022,
3,317,13,0,0,0,1022,
3,318,13,0,0,0,1022,
3,319,13,0,0,0,1022,
3,320,13,0,0,0,1022,
3,321,13,0,0,0,1022,
3,322,13,0,0,0,1022,
3,323,13,0,0,0,1022,
3,324,13,0,0,0,1022,
3,325,13,0,0,0,1022,
3,326,13,0,0,0,1022,
3,327,13,0,0,0,1022,
3,328,13,0,0,0,1022,
3,329,13,0,0,0,1022,
3,330,13,0,0,0,1022,
3,331,13,0,0,0,1022,
3,332,13,0,0,0,1022,
3,333,13,0,0,0,1022,
3,334,13,0,0,0,1022,
3,335,13,0,0,0,1022,
3,336,13,0,0,0,1022,
3,337,13,0,0,0,1022,
3,338,13,0,0,0,1022,
3,339,13,0,0,0,1022,
3,340,13,0,0,0,1022,
3,341,13,0,0,0,1022,
3,342,13,0,0,0,1022,
3,343,13,0,0,0,1022,
3,344,13,0,0,0,1022,
3,345,13,0,0,0,1022,
3,346,13,0,0,0,1022,
3,347,13,0,0,0,1022,
3,348,13,0,0,0,1022,
3,349,13,0,0,0,1022,
3,350,13,0,0,0,1022,
3,351,13,0,0,0,1022,
3,352,13,0,0,0,1022,
3,353,13,0,0,0,1022,
3,354,13,0,0,0,1022,
3,355,13,0,0,0,1022,
3,356,13,0,0,0,1022,
3,357,13,0,0,0,1022,
3,358,13,0,0,0,1022,
3,359,13,0,0,0,1022,
3,360,13,0,0,0,1022,
3,361,13,0,0,0,1022,
3,362,13,0,0,0,1022,
3,363,13,0,0,0,1022,
3,364,13,0,0,0,1022,
4,0,1035,0,0,0,0,
4,1,1034,0,1,0,0,
4,2,1021,13,1,0,0,
4,3,1021,9,5,0,0,
4,4,1005,22,8,0,0,
4,5,1002,19,14,0,0,
4,6,972,46,17,0,0,
4,7,970,38,24,0,3,
4,8,940,62,29,0,4,
4,9,935,60,35,0,5,
4,10,909,77,43,0,6,
4,11,882,81,63,0,9,
4,12,824,121,76,0,14,
4,13,801,113,105,0,16,
4,14,774,122,118,0,21,
4,15,765,110,131,0,29,
4,16,755,99,144,0,37,
4,17,747,86,158,0,44,
4,18,739,79,166,0,51,
4,19,738,61,177,0,59,
4,20,724,65,171,0,75,
4,21,721,59,171,0,84,
4,22,716,53,174,0,92,
4,23,702,59,175,0,99,
4,24,698,49,179,0,109,
4,25,689,46,177,0,123,
4,26,675,49,181,0,130,
4,27,667,48,182,0,138,
4,28,653,50,180,0,152,
4,29,640,55,175,0,165,
4,30,629,59,174,0,173,
4,31,622,55,178,0,180,
4,32,598,68,184,0,185,
4,33,576,83,183,0,193,
4,34,567,72,197,0,199,
4,35,545,81,202,0,207,
4,36,538,78,201,0,218,
4,37,527,75,206,0,227,
4,38,515,71,216,0,233,
4,39,506,62,221,0,246,
4,40,495,67,220,0,253,
4,41,491,64,221,0,259,
4,42,490,48,226,0,271,
4,43,481,44,222,0,288,
4,44,479,33,223,0,300,
4,45,470,35,224,0,306,
4,46,469,32,217,0,317,
4,47,466,28,214,0,327,
4,48,465,24,204,0,342,
4,49,445,40,196,0,354,
4,50,435,47,186,0,367,
4,51,431,42,188,0,374,
4,52,418,47,189,0,381,
4,53,406,50,189,0,390,
4,54,398,49,189,0,399,
4,55,389,51,184,0,411,
4,56,383,48,182,0,422,
4,57,376,46,184,0,429,
4,58,366,49,182,0,438,
4,59,361,43,185,0,446,
4,60,335,63,180,0,457,
4,61,325,62,179,0,469,
4,62,295,84,180,0,476,
4,63,286,77,186,0,486,
4,64,258,92,190,0,495,
4,65,249,78,208,0,500,
4,66,227,82,214,0,512,
4,67,206,90,213,0,526,
4,68,201,81,211,0,542,
4,69,176,89,221,0,549,
4,70,160,91,226,0,558,
4,71,147,82,233,0,573,
4,72,123,90,237,0,585,
4,73,118,81,234,0,602,
4,74,92,92,238,0,613,
4,75,84,75,252,0,624,
4,76,76,69,256,0,634,
4,77,71,59,258,0,647,
4,78,65,52,261,0,657,
4,79,61,48,256,0,670,
4,80,56,44,249,0,686,
4,81,52,41,239,0,703,
4,82,51,28,248,0,708,
4,83,42,33,243,0,717,
4,84,41,30,236,0,728,
4,85,38,27,233,0,737,
4,86,36,25,221,0,753,
4,87,36,19,214,0,766,
4,88,36,14,214,0,771,
4,89,33,14,207,0,781,
4,90,30,16,195,0,794,
4,91,29,13,180,0,813,
4,92,28,14,178,0,815,
4,93,28,10,176,0,821,
4,94,28,8,170,0,829,
4,95,27,9,162,0,837,
4,96,27,8,159,0,841,
4,97,27,5,157,0,846,
4,98,25,6,147,0,857,
4,99,25,5,144,0,861,
4,100,25,3,140,0,867,
4,101,25,2,133,0,875,
4,102,25,2,124,0,884,
4,103,25,1,121,0,888,
4,104,25,1,112,0,897,
4,105,25,1,109,0,900,
4,106,25,1,98,0,911,
4,107,25,1,92,0,917,
4,108,25,1,88,0,921,
4,109,25,1,83,0,926,
4,110,25,1,78,0,931,
4,111,25,1,76,0,933,
4,112,25,1,72,0,937,
4,113,25,1,68,0,941,
4,114,25,1,66,0,943,
4,115,25,1,61,0,948,
4,116,25,1,60,0,949,
4,117,25,1,60,0,949,
4,118,25,1,60,0,949,
4,119,25,1,56,0,953,
4,120,25,1,53,0,956,
4,121,25,1,51,0,958,
4,122,25,1,49,0,960,
4,123,25,1,46,0,963,
4,124,25,1,46,0,963,
4,125,25,0,44,0,966,
4,126,25,0,41,0,969,
4,127,25,0,37,0,973,
4,128,25,0,34,0,976,
4,129,25,0,33,0,977,
4,130,25,0,33,0,977,
4,131,25,0,29,0,981,
4,132,25,0,29,0,981,
4,133,25,0,28,0,982,
4,134,25,0,25,0,985,
4,135,25,0,23,0,987,
4,136,25,0,22,0,988,
4,137,25,0,21,0,989,
4,138,25,0,21,0,989,
4,139,25,0,21,0,989,
4,140,25,0,20,0,990,
4,141,25,0,20,0,990,
4,142,25,0,17,0,993,
4,143,25,0,17,0,993,
4,144,25,0,16,0,994,
4,145,25,0,14,0,996,
4,146,25,0,13,0,997,
4,147,25,0,13,0,997,
4,148,25,0,13,0,997,
4,149,25,0,11,0,999,
4,150,25,0,11,0,999,
4,151,25,0,11,0,999,
4,152,25,0,11,0,999,
4,153,25,0,11,0,999,
4,154,25,0,10,0,1000,
4,155,25,0,10,0,1000,
4,156,25,0,8,0,1002,
4,157,25,0,8,0,1002,
4,158,25,0,8,0,1002,
4,159,25,0,8,0,1002,
4,160,25,0,8,0,1002,
4,161,25,0,8,0,1002,
4,162,25,0,7,0,1003,
4,163,25,0,6,0,1004,
4,164,25,0,6,0,1004,
4,165,25,0,4,0,1006,
4,166,25,0,4,0,1006,
4,167,25,0,4,0,1006,
4,168,25,0,3,0,1007,
4,169,25,0,3,0,1007,
4,170,25,0,3,0,1007,
4,171,25,0,2,0,1008,
4,172,25,0,1,0,1009,
4,173,25,0,1,0,1009,
4,174,25,0,1,0,1009,
4,175,25,0,1,0,1009,
4,176,25,0,1,0,1009,
4,177,25,0,1,0,1009,
4,178,25,0,1,0,1009,
4,179,25,0,1,0,1009,
4,180,25,0,1,0,1009,
4,181,25,0,1,0,1009,
4,182,25,0,1,0,1009,
4,183,25,0,1,0,1009,
4,184,25,0,1,0,1009,
4,185,25,0,1,0,1009,
4,186,25,0,1,0,1009,
4,187,25,0,1,0,1009,
4,188,25,0,1,0,1009,
4,189,25,0,1,0,1009,
4,190,25,0,1,0,1009,
4,191,25,0,1,0,1009,
4,192,25,0,1,0,1009,
4,193,25,0,0,0,1010,
4,194,25,0,0,0,1010,
4,195,25,0,0,0,1010,
4,196,25,0,0,0,1010,
4,197,25,0,0,0,1010,
4,198,25,0,0,0,1010,
4,199,25,0,0,0,1010,
4,200,25,0,0,0,1010,
4,201,25,0,0,0,1010,
4,202,25,0,0,0,1010,
4,203,25,0,0,0,1010,
4,204,25,0,0,0,1010,
4,205,25,0,0,0,1010,
4,206,25,0,0,0,1010,
4,207,25,0,0,0,1010,
4,208,25,0,0,0,1010,
4,209,25,0,0,0,1010,
4,210,25,0,0,0,1010,
4,211,25,0,0,0,1010,
4,212,25,0,0,0,1010,
4,213,25,0,0,0,1010,
4,214,25,0,0,0,1010,
4,215,25,0,0,0,1010,
4,216,25,0,0,0,1010,
4,217,25,0,0,0,1010,
4,218,25,0,0,0,1010,
4,219,25,0,0,0,1010,
4,220,25,0,0,0,1010,
4,221,25,0,0,0,1010,
4,222,25,0,0,0,1010,
4,223,25,0,0,0,1010,
4,224,25,0,0,0,1010,
4,225,25,0,0,0,1010,
4,226,25,0,0,0,1010,
4,227,25,0,0,0,1010,
4,228,25,0,0,0,1010,
4,229,25,0,0,0,1010,
4,230,25,0,0,0,1010,
4,231,25,0,0,0,1010,
4,232,25,0,0,0,1010,
4,233,25,0,0,0,1010,
4,234,25,0,0,0,1010,
4,235,25,0,0,0,1010,
4,236,25,0,0,0,1010,
4,237,25,0,0,0,1010,
4,238,25,0,0,0,1010,
4,239,25,0,0,0,1010,
4,240,25,0,0,0,1010,
4,241,25,0,0,0,1010,
4,242,25,0,0,0,1010,
4,243,25,0,0,0,1010,
4,244,25,0,0,0,1010,
4,245,25,0,0,0,1010,
4,246,25,0,0,0,1010,
4,247,25,0,0,0,1010,
4,248,25,0,0,0,1010,
4,249,25,0,0,0,1010,
4,250,25,0,0,0,1010,
4,251,25,0,0,0,1010,
4,252,25,0,0,0,1010,
4,253,25,0,0,0,1010,
4,254,25,0,0,0,1010,
4,255,25,0,0,0,1010,
4,256,25,0,0,0,1010,
4,257,25,0,0,0,1010,
4,258,25,0,0,0,1010,
4,259,25,0,0,0,1010,
4,260,25,0,0,0,1010,
4,261,25,0,0,0,1010,
4,262,25,0,0,0,1010,
4,263,25,0,0,0,1010,
4,264,25,0,0,0,1010,
4,265,25,0,0,0,1010,
4,266,25,0,0,0,1010,
4,267,25,0,0,0,1010,
4,268,25,0,0,0,1010,
4,269,25,0,0,0,1010,
4,270,25,0,0,0,1010,
4,271,25,0,0,0,1010,
4,272,25,0,0,0,1010,
4,273,25,0,0,0,1010,
4,274,25,0,0,0,1010,
4,275,25,0,0,0,1010,
4,276,25,0,0,0,1010,
4,277,25,0,0,0,1010,
4,278,25,0,0,0,1010,
4,279,25,0,0,0,1010,
4,280,25,0,0,0,1010,
4,281,25,0,0,0,1010,
4,282,25,0,0,0,1010,
4,283,25,0,0,0,1010,
4,284,25,0,0,0,1010,
4,285,25,0,0,0,1010,
4,286,25,0,0,0,1010,
4,287,25,0,0,0,1010,
4,288,25,0,0,0,1010,
4,289,25,0,0,0,1010,
4,290,25,0,0,0,1010,
4,291,25,0,0,0,1010,
4,292,25,0,0,0,1010,
4,293,25,0,0,0,1010,
4,294,25,0,0,0,1010,
4,295,25,0,0,0,1010,
4,296,25,0,0,0,1010,
4,297,25,0,0,0,1010,
4,298,25,0,0,0,1010,
4,299,25,0,0,0,1010,
4,300,25,0,0,0,1010,
4,301,25,0,0,0,1010,
4,302,25,0,0,0,1010,
4,303,25,0,0,0,1010,
4,304,25,0,0,0,1010,
4,305,25,0,0,0,1010,
4,306,25,0,0,0,1010,
4,307,25,0,0,0,1010,
4,308,25,0,0,0,1010,
4,309,25,0,0,0,1010,
4,310,25,0,0,0,1010,
4,311,25,0,0,0,1010,
4,312,25,0,0,0,1010,
4,313,25,0,0,0,1010,
4,314,25,0,0,0,1010,
4,315,25,0,0,0,1010,
4,316,25,0,0,0,1010,
4,317,25,0,0,0,1010,
4,318,25,0,0,0,1010,
4,319,25,0,0,0,1010,
4,320,25,0,0,0,1010,
4,321,25,0,0,0,1010,
4,322,25,0,0,0,1010,
4,323,25,0,0,0,1010,
4,324,25,0,0,0,1010,
4,325,25,0,0,0,1010,
4,326,25,0,0,0,1010,
4,327,25,0,0,0,1010,
4,328,25,0,0,0,1010,
4,329,25,0,0,0,1010,
4,330,25,0,0,0,1010,
4,331,25,0,0,0,1010,
4,332,25,0,0,0,1010,
4,333,25,0,0,0,1010,
4,334,25,0,0,0,1010,
4,335,25,0,0,0,1010,
4,336,25,0,0,0,1010,
4,337,25,0,0,0,1010,
4,338,25,0,0,0,1010,
4,339,25,0,0,0,1010,
4,340,25,0,0,0,1010,
4,341,25,0,0,0,1010,
4,342,25,0,0,0,1010,
4,343,25,0,0,0,1010,
4,344,25,0,0,0,1010,
4,345,25,0,0,0,1010,
4,346,25,0,0,0,1010,
4,347,25,0,0,0,1010,
4,348,25,0,0,0,1010,
4,349,25,0,0,0,1010,
4,350,25,0,0,0,1010,
4,351,25,0,0,0,1010,
4,352,25,0,0,0,1010,
4,353,25,0,0,0,1010,
4,354,25,0,0,0,1010,
4,355,25,0,0,0,1010,
4,356,25,0,0,0,1010,
4,357,25,0,0,0,1010,
4,358,25,0,0,0,1010,
4,359,25,0,0,0,1010,
4,360,25,0,0,0,1010,
4,361,25,0,0,0,1010,
4,362,25,0,0,0,1010,
4,363,25,0,0,0,1010,
4,364,25,0,0,0,1010,
5,0,1035,0,0,0,0,
5,1,1034,0,1,0,0,
5,2,1017,17,1,0,0,
5,3,1017,15,3,0,0,
5,4,1004,25,6,0,0,
5,5,992,33,9,0,1,
5,6,978,37,19,0,1,
5,7,966,44,24,0,1,
5,8,957,45,32,0,1,
5,9,934,61,38,0,2,
5,10,928,51,54,0,2,
5,11,899,73,57,0,6,
5,12,886,70,71,0,8,
5,13,832,107,85,0,11,
5,14,803,106,109,0,17,
5,15,759,129,125,0,22,
5,16,750,109,147,0,29,
5,17,726,109,167,0,33,
5,18,707,110,178,0,40,
5,19,691,112,183,0,49,
5,20,687,88,203,0,57,
5,21,669,83,215,0,68,
5,22,665,70,225,0,75,
5,23,657,63,236,0,79,
5,24,654,59,228,0,94,
5,25,650,47,234,0,104,
5,26,648,42,229,0,116,
5,27,646,35,224,0,130,
5,28,641,34,220,0,140,
5,29,635,35,219,0,146,
5,30,633,32,210,0,160,
5,31,625,37,204,0,169,
5,32,625,29,202,0,179,
5,33,610,37,198,0,190,
5,34,597,44,197,0,197,
5,35,579,52,197,0,207,
5,36,556,65,197,0,217,
5,37,538,64,201,0,232,
5,38,520,74,194,0,247,
5,39,511,68,203,0,253,
5,40,491,68,211,0,265,
5,41,467,74,215,0,279,
5,42,459,66,220,0,290,
5,43,448,62,227,0,298,
5,44,428,71,226,0,310,
5,45,418,74,225,0,318,
5,46,407,69,232,0,327,
5,47,395,66,236,0,338,
5,48,381,67,231,0,356,
5,49,371,65,231,0,368,
5,50,365,61,233,0,376,
5,51,351,65,233,0,386,
5,52,335,74,224,0,402,
5,53,327,72,225,0,411,
5,54,315,71,220,0,429,
5,55,309,65,224,0,437,
5,56,304,57,227,0,447,
5,57,296,55,229,0,455,
5,58,285,54,228,0,468,
5,59,270,62,227,0,476,
5,60,257,61,225,0,492,
5,61,240,67,226,0,502,
5,62,223,74,226,0,512,
5,63,213,67,236,0,519,
5,64,195,72,240,0,528,
5,65,187,64,245,0,539,
5,66,175,67,242,0,551,
5,67,163,66,242,0,564,
5,68,152,66,234,0,583,
5,69,148,50,241,0,596,
5,70,131,61,235,0,608,
5,71,129,47,244,0,615,
5,72,117,49,243,0,626,
5,73,113,41,245,0,636,
5,74,106,37,248,0,644,
5,75,104,33,248,0,650,
5,76,101,30,243,0,661,
5,77,98,31,231,0,675,
5,78,95,29,224,0,687,
5,79,89,30,220,0,696,
5,80,86,27,218,0,704,
5,81,84,26,209,0,716,
5,82,81,28,204,0,722,
5,83,79,24,199,0,733,
5,84,71,24,198,0,742,
5,85,56,36,197,0,746,
5,86,55,26,199,0,755,
5,87,51,25,197,0,762,
5,88,46,25,195,0,769,
5,89,39,28,190,0,778,
5,90,38,20,192,0,785,
5,91,35,19,190,0,791,
5,92,35,14,192,0,794,
5,93,31,17,187,0,800,
5,94,29,15,185,0,806,
5,95,27,16,176,0,816,
5,96,26,12,173,0,824,
5,97,24,13,162,0,836,
5,98,23,13,151,0,848,
5,99,23,12,146,0,854,
5,100,23,10,142,0,860,
5,101,21,9,133,0,872,
5,102,20,8,132,0,875,
5,103,19,5,129,0,882,
5,104,17,6,126,0,886,
5,105,15,8,117,0,895,
5,106,15,7,111,0,902,
5,107,15,6,104,0,910,
5,108,14,6,100,0,915,
5,109,14,4,101,0,916,
5,110,13,4,102,0,916,
5,111,12,4,99,0,920,
5,112,11,5,97,0,922,
5,113,11,5,94,0,925,
5,114,11,2,90,0,932,
5,115,11,1,91,0,932,
5,116,11,1,88,0,935,
5,117,11,1,85,0,938,
5,118,11,0,83,0,941,
5,119,11,0,78,0,946,
5,120,11,0,75,0,949,
5,121,11,0,67,0,957,
5,122,11,0,66,0,958,
5,123,11,0,62,0,962,
5,124,11,0,61,0,963,
5,125,11,0,57,0,967,
5,126,11,0,56,0,968,
5,127,11,0,54,0,970,
5,128,11,0,51,0,973,
5,129,11,0,47,0,977,
5,130,11,0,47,0,977,
5,131,11,0,43,0,981,
5,132,11,0,40,0,984,
5,133,11,0,38,0,986,
5,134,11,0,34,0,990,
5,135,11,0,31,0,993,
5,136,11,0,31,0,993,
5,137,11,0,29,0,995,
5,138,11,0,28,0,996,
5,139,11,0,28,0,996,
5,140,11,0,28,0,996,
5,141,11,0,27,0,997,
5,142,11,0,26,0,998,
5,143,11,0,25,0,999,
5,144,11,0,23,0,1001,
5,145,11,0,23,0,1001,
5,146,11,0,20,0,1004,
5,147,11,0,19,0,1005,
5,148,11,0,17,0,1007,
5,149,11,0,17,0,1007,
5,150,11,0,14,0,1010,
5,151,11,0,12,0,1012,
5,152,11,0,11,0,1013,
5,153,11,0,9,0,1015,
5,154,11,0,9,0,1015,
5,155,11,0,9,0,1015,
5,156,11,0,9,0,1015,
5,157,11,0,9,0,1015,
5,158,11,0,9,0,1015,
5,159,11,0,9,0,1015,
5,160,11,0,9,0,1015,
5,161,11,0,7,0,1017,
5,162,11,0,7,0,1017,
5,163,11,0,7,0,1017,
5,164,11,0,6,0,1018,
5,165,11,0,6,0,1018,
5,166,11,0,6,0,1018,
5,167,11,0,6,0,1018,
5,168,11,0,5,0,1019,
5,169,11,0,5,0,1019,
5,170,11,0,5,0,1019,
5,171,11,0,4,0,1020,
5,172,11,0,4,0,1020,
5,173,11,0,4,0,1020,
5,174,11,0,3,0,1021,
5,175,11,0,3,0,1021,
5,176,11,0,3,0,1021,
5,177,11,0,3,0,1021,
5,178,11,0,2,0,1022,
5,179,11,0,2,0,1022,
5,180,11,0,1,0,1023,
5,181,11,0,1,0,1023,
5,182,11,0,1,0,1023,
5,183,11,0,0,0,1024,
5,184,11,0,0,0,1024,
5,185,11,0,0,0,1024,
5,186,11,0,0,0,1024,
5,187,11,0,0,0,1024,
5,188,11,0,0,0,1024,
5,189,11,0,0,0,1024,
5,190,11,0,0,0,1024,
5,191,11,0,0,0,1024,
5,192,11,0,0,0,1024,
5,193,11,0,0,0,1024,
5,194,11,0,0,0,1024,
5,195,11,0,0,0,1024,
5,196,11,0,0,0,1024,
5,197,11,0,0,0,1024,
5,198,11,0,0,0,1024,
5,199,11,0,0,0,1024,
5,200,11,0,0,0,1024,
5,201,11,0,0,0,1024,
5,202,11,0,0,0,1024,
5,203,11,0,0,0,1024,
5,204,11,0,0,0,1024,
5,205,11,0,0,0,1024,
5,206,11,0,0,0,1024,
5,207,11,0,0,0,1024,
5,208,11,0,0,0,1024,
5,209,11,0,0,0,1024,
5,210,11,0,0,0,1024,
5,211,11,0,0,0,1024,
5,212,11,0,0,0,1024,
5,213,11,0,0,0,1024,
5,214,11,0,0,0,1024,
5,215,11,0,0,0,1024,
5,216,11,0,0,0,1024,
5,217,11,0,0,0,1024,
5,218,11,0,0,0,1024,
5,219,11,0,0,0,1024,
5,220,11,0,0,0,1024,
5,221,11,0,0,0,1024,
5,222,11,0,0,0,1024,
5,223,11,0,0,0,1024,
5,224,11,0,0,0,1024,
5,225,11,0,0,0,1024,
5,226,11,0,0,0,1024,
5,227,11,0,0,0,1024,
5,228,11,0,0,0,1024,
5,229,11,0,0,0,1024,
5,230,11,0,0,0,1024,
5,231,11,0,0,0,1024,
5,232,11,0,0,0,1024,
5,233,11,0,0,0,1024,
5,234,11,0,0,0,1024,
5,235,11,0,0,0,1024,
5,236,11,0,0,0,1024,
5,237,11,0,0,0,1024,
5,238,11,0,0,0,1024,
5,239,11,0,0,0,1024,
5,240,11,0,0,0,1024,
5,241,11,0,0,0,1024,
5,242,11,0,0,0,1024,
5,243,11,0,0,0,1024,
5,244,11,0,0,0,1024,
5,245,11,0,0,0,1024,
5,246,11,0,0,0,1024,
5,247,11,0,0,0,1024,
5,248,11,0,0,0,1024,
5,249,11,0,0,0,1024,
5,250,11,0,0,0,1024,
5,251,11,0,0,0,1024,
5,252,11,0,0,0,1024,
5,253,11,0,0,0,1024,
5,254,11,0,0,0,1024,
5,255,11,0,0,0,1024,
5,256,11,0,0,0,1024,
5,257,11,0,0,0,1024,
5,258,11,0,0,0,1024,
5,259,11,0,0,0,1024,
5,260,11,0,0,0,1024,
5,261,11,0,0,0,1024,
5,262,11,0,0,0,1024,
5,263,11,0,0,0,1024,
5,264,11,0,0,0,1024,
5,265,11,0,0,0,1024,
5,266,11,0,0,0,1024,
5,267,11,0,0,0,1024,
5,268,11,0,0,0,1024,
5,269,11,0,0,0,1024,
5,270,11,0,0,0,1024,
5,271,11,0,0,0,1024,
5,272,11,0,0,0,1024,
5,273,11,0,0,0,1024,
5,274,11,0,0,0,1024,
5,275,11,0,0,0,1024,
5,276,11,0,0,0,1024,
5,277,11,0,0,0,1024,
5,278,11,0,0,0,1024,
5,279,11,0,0,0,1024,
5,280,11,0,0,0,1024,
5,281,11,0,0,0,1024,
5,282,11,0,0,0,1024,
5,283,11,0,0,0,1024,
5,284,11,0,0,0,1024,
5,285,11,0,0,0,1024,
5,286,11,0,0,0,1024,
5,287,11,0,0,0,1024,
5,288,11,0,0,0,1024,
5,289,11,0,0,0,1024,
5,290,11,0,0,0,1024,
5,291,11,0,0,0,1024,
5,292,11,0,0,0,1024,
5,293,11,0,0,0,1024,
5,294,11,0,0,0,1024,
5,295,11,0,0,0,1024,
5,296,11,0,0,0,1024,
5,297,11,0,0,0,1024,
5,298,11,0,0,0,1024,
5,299,11,0,0,0,1024,
5,300,11,0,0,0,1024,
5,301,11,0,0,0,1024,
5,302,11,0,0,0,1024,
5,303,11,0,0,0,1024,
5,304,11,0,0,0,1024,
5,305,11,0,0,0,1024,
5,306,11,0,0,0,1024,
5,307,11,0,0,0,1024,
5,308,11,0,0,0,1024,
5,309,11,0,0,0,1024,
5,310,11,0,0,0,1024,
5,311,11,0,0,0,1024,
5,312,11,0,0,0,1024,
5,313,11,0,0,0,1024,
5,314,11,0,0,0,1024,
5,315,11,0,0,0,1024,
5,316,11,0,0,0,1024,
5,317,11,0,0,0,1024,
5,318,11,0,0,0,1024,
5,319,11,0,0,0,1024,
5,320,11,0,0,0,1024,
5,321,11,0,0,0,1024,
5,322,11,0,0,0,1024,
5,323,11,0,0,0,1024,
5,324,11,0,0,0,1024,
5,325,11,0,0,0,1024,
5,326,11,0,0,0,1024,
5,327,11,0,0,0,1024,
5,328,11,0,0,0,1024,
5,329,11,0,0,0,1024,
5,330,11,0,0,0,1024,
5,331,11,0,0,0,1024,
5,332,11,0,0,0,1024,
5,333,11,0,0,0,1024,
5,334,11,0,0,0,1024,
5,335,11,0,0,0,1024,
5,336,11,0,0,0,1024,
5,337,11,0,0,0,1024,
5,338,11,0,0,0,1024,
5,339,11,0,0,0,1024,
5,340,11,0,0,0,1024,
5,341,11,0,0,0,1024,
5,342,11,0,0,0,1024,
5,343,11,0,0,0,1024,
5,344,11,0,0,0,1024,
5,345,11,0,0,0,1024,
5,346,11,0,0,0,1024,
5,347,11,0,0,0,1024,
5,348,11,0,0,0,1024,
5,349,11,0,0,0,1024,
5,350,11,0,0,0,1024,
5,351,11,0,0,0,1024,
5,352,11,0,0,0,1024,
5,353,11,0,0,0,1024,
5,354,11,0,0,0,1024,
5,355,11,0,0,0,1024,
5,356,11,0,0,0,1024,
5,357,11,0,0,0,1024,
5,358,11,0,0,0,1024,
5,359,11,0,0,0,1024,
5,360,11,0,0,0,1024,
5,361,11,0,0,0,1024,
5,362,11,0,0,0,1024,
5,363,11,0,0,0,1024,
5,364,11,0,0,0,1024,
6,0,1035,0,0,0,0,
6,1,1034,0,1,0,0,
6,2,1020,14,1,0,0,
6,3,1019,13,3,0,0,
6,4,1012,16,7,0,0,
6,5,1008,14,13,0,0,
6,6,996,23,15,0,1,
6,7,994,20,20,0,1,
6,8,984,28,22,0,1,
6,9,977,29,28,0,1,
6,10,969,32,32,0,2,
6,11,957,38,36,0,4,
6,12,949,39,41,0,6,
6,13,938,41,50,0,6,
6,14,930,43,48,0,14,
6,15,919,46,53,0,17,
6,16,912,45,59,0,19,
6,17,897,49,64,0,25,
6,18,854,77,77,0,27,
6,19,817,98,90,0,30,
6,20,802,94,103,0,36,
6,21,766,117,114,0,38,
6,22,766,93,130,0,46,
6,23,749,85,152,0,49,
6,24,734,90,152,0,59,
6,25,714,95,164,0,62,
6,26,704,92,168,0,71,
6,27,696,79,182,0,78,
6,28,685,78,185,0,87,
6,29,680,70,188,0,97,
6,30,674,64,193,0,104,
6,31,670,53,194,0,118,
6,32,668,49,189,0,129,
6,33,665,37,190,0,143,
6,34,660,39,185,0,151,
6,35,658,32,188,0,157,
6,36,651,33,179,0,172,
6,37,643,33,182,0,177,
6,38,640,29,176,0,190,
6,39,634,31,174,0,196,
6,40,629,29,174,0,203,
6,41,626,26,172,0,211,
6,42,616,34,162,0,223,
6,43,608,36,163,0,228,
6,44,595,43,161,0,236,
6,45,588,45,159,0,243,
6,46,587,37,161,0,250,
6,47,562,58,157,0,258,
6,48,557,52,165,0,261,
6,49,553,52,163,0,267,
6,50,548,49,161,0,277,
6,51,534,57,160,0,284,
6,52,523,59,164,0,289,
6,53,500,65,175,0,295,
6,54,475,78,176,0,306,
6,55,452,78,192,0,313,
6,56,425,87,201,0,322,
6,57,403,87,218,0,327,
6,58,375,92,232,0,336,
6,59,351,102,234,0,348,
6,60,336,95,247,0,357,
6,61,314,99,252,0,370,
6,62,297,96,261,0,381,
6,63,277,97,268,0,393,
6,64,259,104,268,0,404,
6,65,250,97,271,0,417,
6,66,243,79,286,0,427,
6,67,225,77,293,0,440,
6,68,212,72,294,0,457,
6,69,203,69,298,0,465,
6,70,199,56,296,0,484,
6,71,184,62,292,0,497,
6,72,178,55,291,0,511,
6,73,167,55,289,0,524,
6,74,153,59,285,0,538,
6,75,144,56,287,0,548,
6,76,142,46,283,0,564,
6,77,135,44,284,0,572,
6,78,129,42,276,0,588,
6,79,122,40,274,0,599,
6,80,119,38,268,0,610,
6,81,116,35,259,0,625,
6,82,110,36,256,0,633,
6,83,106,36,243,0,650,
6,84,96,36,238,0,665,
6,85,90,35,229,0,681,
6,86,82,36,231,0,686,
6,87,82,28,232,0,693,
6,88,78,28,224,0,705,
6,89,76,28,220,0,711,
6,90,74,27,215,0,719,
6,91,67,27,215,0,726,
6,92,67,15,218,0,735,
6,93,62,17,217,0,739,
6,94,62,12,211,0,750,
6,95,57,12,198,0,768,
6,96,55,11,191,0,778,
6,97,52,13,185,0,785,
6,98,50,12,181,0,792,
6,99,46,13,174,0,802,
6,100,43,11,172,0,809,
6,101,42,9,165,0,819,
6,102,41,9,158,0,827,
6,103,39,9,151,0,836,
6,104,34,13,141,0,847,
6,105,34,10,137,0,854,
6,106,29,15,131,0,860,
6,107,29,12,129,0,865,
6,108,29,11,124,0,871,
6,109,29,11,119,0,876,
6,110,29,9,114,0,883,
6,111,28,6,111,0,890,
6,112,28,6,103,0,898,
6,113,28,6,102,0,899,
6,114,28,6,98,0,903,
6,115,28,1,97,0,909,
6,116,28,1,91,0,915,
6,117,28,1,84,0,922,
6,118,28,1,79,0,927,
6,119,28,1,76,0,930,
6,120,28,1,72,0,934,
6,121,28,1,71,0,935,
6,122,28,1,70,0,936,
6,123,28,1,69,0,937,
6,124,28,1,64,0,942,
6,125,28,1,59,0,947,
6,126,28,1,57,0,949,
6,127,28,0,56,0,951,
6,128,28,0,55,0,952,
6,129,28,0,53,0,954,
6,130,28,0,51,0,956,
6,131,28,0,49,0,958,
6,132,28,0,45,0,962,
6,133,28,0,42,0,965,
6,134,28,0,40,0,967,
6,135,28,0,37,0,970,
6,136,28,0,36,0,971,
6,137,28,0,36,0,971,
6,138,28,0,34,0,973,
6,139,28,0,34,0,973,
6,140,28,0,32,0,975,
6,141,28,0,31,0,976,
6,142,28,0,30,0,977,
6,143,28,0,26,0,981,
6,144,28,0,25,0,982,
6,145,28,0,24,0,983,
6,146,28,0,23,0,984,
6,147,28,0,23,0,984,
6,148,28,0,22,0,985,
6,149,28,0,20,0,987,
6,150,28,0,20,0,987,
6,151,28,0,20,0,987,
6,152,28,0,19,0,988,
6,153,28,0,18,0,989,
6,154,28,0,18,0,989,
6,155,28,0,17,0,990,
6,156,28,0,17,0,990,
6,157,28,0,17,0,990,
6,158,28,0,17,0,990,
6,159,28,0,16,0,991,
6,160,28,0,16,0,991,
6,161,28,0,16,0,991,
6,162,28,0,16,0,991,
6,163,28,0,14,0,993,
6,164,28,0,13,0,994,
6,165,28,0,12,0,995,
6,166,28,0,11,0,996,
6,167,28,0,10,0,997,
6,168,28,0,10,0,997,
6,169,28,0,10,0,997,
6,170,28,0,9,0,998,
6,171,28,0,9,0,998,
6,172,28,0,9,0,998,
6,173,28,0,9,0,998,
6,174,28,0,9,0,998,
6,175,28,0,8,0,999,
6,176,28,0,7,0,1000,
6,177,28,0,6,0,1001,
6,178,28,0,6,0,1001,
6,179,28,0,6,0,1001,
6,180,28,0,6,0,1001,
6,181,28,0,6,0,1001,
6,182,28,0,6,0,1001,
6,183,28,0,6,0,1001,
6,184,28,0,6,0,1001,
6,185,28,0,6,0,1001,
6,186,28,0,6,0,1001,
6,187,28,0,6,0,1001,
6,188,28,0,4,0,1003,
6,189,28,0,4,0,1003,
6,190,28,0,4,0,1003,
6,191,28,0,3,0,1004,
6,192,28,0,3,0,1004,
6,193,28,0,3,0,1004,
6,194,28,0,3,0,1004,
6,195,28,0,3,0,1004,
6,196,28,0,3,0,1004,
6,197,28,0,3,0,1004,
6,198,28,0,3,0,1004,
6,199,28,0,3,0,1004,
6,200,28,0,3,0,1004,
6,201,28,0,3,0,1004,
6,202,28,0,3,0,1004,
6,203,28,0,2,0,1005,
6,204,28,0,1,0,1006,
6,205,28,0,1,0,1006,
6,206,28,0,1,0,1006,
6,207,28,0,1,0,1006,
6,208,28,0,1,0,1006,
6,209,28,0,1,0,1006,
6,210,28,0,1,0,1006,
6,211,28,0,1,0,1006,
6,212,28,0,1,0,1006,
6,213,28,0,1,0,1006,
6,214,28,0,1,0,1006,
6,215,28,0,1,0,1006,
6,216,28,0,1,0,1006,
6,217,28,0,1,0,1006,
6,218,28,0,1,0,1006,
6,219,28,0,1,0,1006,
6,220,28,0,1,0,1006,
6,221,28,0,1,0,1006,
6,222,28,0,1,0,1006,
6,223,28,0,1,0,1006,
6,224,28,0,1,0,1006,
6,225,28,0,1,0,1006,
6,226,28,0,1,0,1006,
6,227,28,0,1,0,1006,
6,228,28,0,1,0,1006,
6,229,28,0,1,0,1006,
6,230,28,0,1,0,1006,
6,231,28,0,1,0,1006,
6,232,28,0,0,0,1007,
6,233,28,0,0,0,1007,
6,234,28,0,0,0,1007,
6,235,28,0,0,0,1007,
6,236,28,0,0,0,1007,
6,237,28,0,0,0,1007,
6,238,28,0,0,0,1007,
6,239,28,0,0,0,1007,
6,240,28,0,0,0,1007,
6,241,28,0,0,0,1007,
6,242,28,0,0,0,1007,
6,243,28,0,0,0,1007,
6,244,28,0,0,0,1007,
6,245,28,0,0,0,1007,
6,246,28,0,0,0,1007,
6,247,28,0,0,0,1007,
6,248,28,0,0,0,1007,
6,249,28,0,0,0,1007,
6,250,28,0,0,0,1007,
6,251,28,0,0,0,1007,
6,252,28,0,0,0,1007,
6,253,28,0,0,0,1007,
6,254,28,0,0,0,1007,
6,255,28,0,0,0,1007,
6,256,28,0,0,0,1007,
6,257,28,0,0,0,1007,
6,258,28,0,0,0,1007,
6,259,28,0,0,0,1007,
6,260,28,0,0,0,1007,
6,261,28,0,0,0,1007,
6,262,28,0,0,0,1007,
6,263,28,0,0,0,1007,
6,264,28,0,0,0,1007,
6,265,28,0,0,0,1007,
6,266,28,0,0,0,1007,
6,267,28,0,0,0,1007,
6,268,28,0,0,0,1007,
6,269,28,0,0,0,1007,
6,270,28,0,0,0,1007,
6,271,28,0,0,0,1007,
6,272,28,0,0,0,1007,
6,273,28,0,0,0,1007,
6,274,28,0,0,0,1007,
6,275,28,0,0,0,1007,
6,276,28,0,0,0,1007,
6,277,28,0,0,0,1007,
6,278,28,0,0,0,1007,
6,279,28,0,0,0,1007,
6,280,28,0,0,0,1007,
6,281,28,0,0,0,1007,
6,282,28,0,0,0,1007,
6,283,28,0,0,0,1007,
6,284,28,0,0,0,1007,
6,285,28,0,0,0,1007,
6,286,28,0,0,0,1007,
6,287,28,0,0,0,1007,
6,288,28,0,0,0,1007,
6,289,28,0,0,0,1007,
6,290,28,0,0,0,1007,
6,291,28,0,0,0,1007,
6,292,28,0,0,0,1007,
6,293,28,0,0,0,1007,
6,294,28,0,0,0,1007,
6,295,28,0,0,0,1007,
6,296,28,0,0,0,1007,
6,297,28,0,0,0,1007,
6,298,28,0,0,0,1007,
6,299,28,0,0,0,1007,
6,300,28,0,0,0,1007,
6,301,28,0,0,0,1007,
6,302,28,0,0,0,1007,
6,303,28,0,0,0,1007,
6,304,28,0,0,0,1007,
6,305,28,0,0,0,1007,
6,306,28,0,0,0,1007,
6,307,28,0,0,0,1007,
6,308,28,0,0,0,1007,
6,309,28,0,0,0,1007,
6,310,28,0,0,0,1007,
6,311,28,0,0,0,1007,
6,312,28,0,0,0,1007,
6,313,28,0,0,0,1007,
6,314,28,0,0,0,1007,
6,315,28,0,0,0,1007,
6,316,28,0,0,0,1007,
6,317,28,0,0,0,1007,
6,318,28,0,0,0,1007,
6,319,28,0,0,0,1007,
6,320,28,0,0,0,1007,
6,321,28,0,0,0,1007,
6,322,28,0,0,0,1007,
6,323,28,0,0,0,1007,
6,324,28,0,0,0,1007,
6,325,28,0,0,0,1007,
6,326,28,0,0,0,1007,
6,327,28,0,0,0,1007,
6,328,28,0,0,0,1007,
6,329,28,0,0,0,1007,
6,330,28,0,0,0,1007,
6,331,28,0,0,0,1007,
6,332,28,0,0,0,1007,
6,333,28,0,0,0,1007,
6,334,28,0,0,0,1007,
6,335,28,0,0,0,1007,
6,336,28,0,0,0,1007,
6,337,28,0,0,0,1007,
6,338,28,0,0,0,1007,
6,339,28,0,0,0,1007,
6,340,28,0,0,0,1007,
6,341,28,0,0,0,1007,
6,342,28,0,0,0,1007,
6,343,28,0,0,0,1007,
6,344,28,0,0,0,1007,
6,345,28,0,0,0,1007,
6,346,28,0,0,0,1007,
6,347,28,0,0,0,1007,
6,348,28,0,0,0,1007,
6,349,28,0,0,0,1007,
6,350,28,0,0,0,1007,
6,351,28,0,0,0,1007,
6,352,28,0,0,0,1007,
6,353,28,0,0,0,1007,
6,354,28,0,0,0,1007,
6,355,28,0,0,0,1007,
6,356,28,0,0,0,1007,
6,357,28,0,0,0,1007,
6,358,28,0,0,0,1007,
6,359,28,0,0,0,1007,
6,360,28,0,0,0,1007,
6,361,28,0,0,0,1007,
6,362,28,0,0,0,1007,
6,363,28,0,0,0,1007,
6,364,28,0,0,0,1007,
7,0,1035,0,0,0,0,
7,1,1034,0,1,0,0,
7,2,1022,12,1,0,0,
7,3,1022,9,4,0,0,
7,4,995,34,5,0,1,
7,5,981,43,10,0,1,
7,6,977,42,15,0,1,
7,7,964,45,24,0,2,
7,8,942,61,29,0,3,
7,9,939,52,39,0,5,
7,10,925,52,49,0,9,
7,11,884,82,59,0,10,
7,12,870,80,71,0,14,
7,13,848,82,86,0,19,
7,14,818,95,101,0,21,
7,15,800,89,118,0,28,
7,16,768,104,128,0,35,
7,17,754,96,143,0,42,
7,18,733,95,159,0,48,
7,19,715,87,177,0,56,
7,20,687,98,183,0,67,
7,21,666,96,193,0,80,
7,22,638,115,188,0,94,
7,23,620,108,207,0,100,
7,24,599,115,214,0,107,
7,25,589,101,229,0,116,
7,26,552,119,242,0,122,
7,27,544,110,250,0,131,
7,28,525,109,256,0,145,
7,29,516,101,263,0,155,
7,30,507,96,266,0,166,
7,31,500,88,265,0,182,
7,32,497,75,266,0,197,
7,33,478,76,270,0,211,
7,34,469,70,272,0,224,
7,35,454,71,265,0,245,
7,36,447,62,274,0,252,
7,37,420,75,273,0,267,
7,38,401,79,275,0,280,
7,39,385,79,278,0,293,
7,40,360,91,274,0,310,
7,41,340,93,277,0,325,
7,42,314,96,286,0,339,
7,43,283,107,295,0,350,
7,44,262,100,313,0,360,
7,45,239,102,313,0,381,
7,46,208,120,309,0,398,
7,47,200,98,321,0,416,
7,48,165,117,320,0,433,
7,49,147,104,338,0,446,
7,50,117,110,344,0,464,
7,51,89,117,352,0,477,
7,52,77,105,353,0,500,
7,53,57,104,347,0,527,
7,54,54,83,356,0,542,
7,55,50,65,362,0,558,
7,56,46,53,357,0,579,
7,57,45,43,354,0,593,
7,58,44,32,346,0,613,
7,59,41,29,332,0,633,
7,60,39,29,318,0,649,
7,61,39,22,307,0,667,
7,62,38,22,296,0,679,
7,63,37,15,289,0,694,
7,64,37,13,282,0,703,
7,65,37,11,271,0,716,
7,66,37,7,262,0,729,
7,67,37,6,248,0,744,
7,68,37,5,236,0,757,
7,69,37,3,228,0,767,
7,70,37,3,220,0,775,
7,71,37,3,211,0,784,
7,72,37,3,202,0,793,
7,73,37,3,193,0,802,
7,74,37,3,182,0,813,
7,75,37,3,169,0,826,
7,76,37,2,162,0,834,
7,77,37,2,155,0,841,
7,78,37,2,148,0,848,
7,79,37,2,139,0,857,
7,80,37,1,131,0,866,
7,81,37,0,122,0,876,
7,82,37,0,120,0,878,
7,83,37,0,113,0,885,
7,84,37,0,107,0,891,
7,85,37,0,96,0,902,
7,86,37,0,91,0,907,
7,87,37,0,89,0,909,
7,88,37,0,86,0,912,
7,89,36,1,81,0,917,
7,90,36,1,79,0,919,
7,91,36,1,76,0,922,
7,92,36,1,71,0,927,
7,93,36,1,69,0,929,
7,94,36,1,66,0,932,
7,95,36,1,65,0,933,
7,96,36,1,61,0,937,
7,97,36,1,59,0,939,
7,98,36,1,58,0,940,
7,99,36,1,56,0,942,
7,100,36,1,55,0,943,
7,101,36,1,53,0,945,
7,102,36,1,47,0,951,
7,103,36,1,46,0,952,
7,104,36,1,44,0,954,
7,105,36,1,41,0,957,
7,106,36,1,37,0,961,
7,107,36,1,36,0,962,
7,108,36,1,32,0,966,
7,109,36,0,29,0,970,
7,110,35,1,26,0,973,
7,111,35,0,26,0,974,
7,112,34,1,23,0,977,
7,113,34,0,20,0,981,
7,114,33,1,18,0,983,
7,115,33,1,18,0,983,
7,116,33,0,19,0,983,
7,117,33,0,19,0,983,
7,118,33,0,18,0,984,
7,119,33,0,17,0,985,
7,120,33,0,17,0,985,
7,121,33,0,17,0,985,
7,122,33,0,16,0,986,
7,123,33,0,16,0,986,
7,124,33,0,15,0,987,
7,125,33,0,15,0,987,
7,126,33,0,14,0,988,
7,127,33,0,13,0,989,
7,128,33,0,10,0,992,
7,129,33,0,10,0,992,
7,130,33,0,10,0,992,
7,131,33,0,10,0,992,
7,132,33,0,10,0,992,
7,133,33,0,9,0,993,
7,134,33,0,9,0,993,
7,135,33,0,8,0,994,
7,136,33,0,7,0,995,
7,137,33,0,7,0,995,
7,138,33,0,7,0,995,
7,139,33,0,7,0,995,
7,140,33,0,7,0,995,
7,141,33,0,7,0,995,
7,142,33,0,7,0,995,
7,143,33,0,7,0,995,
7,144,33,0,7,0,995,
7,145,33,0,6,0,996,
7,146,33,0,5,0,997,
7,147,33,0,5,0,997,
7,148,33,0,5,0,997,
7,149,33,0,5,0,997,
7,150,33,0,5,0,997,
7,151,33,0,5,0,997,
7,152,33,0,2,0,1000,
7,153,33,0,2,0,1000,
7,154,33,0,1,0,1001,
7,155,33,0,1,0,1001,
7,156,33,0,1,0,1001,
7,157,33,0,1,0,1001,
7,158,33,0,1,0,1001,
7,159,33,0,1,0,1001,
7,160,33,0,1,0,1001,
7,161,33,0,1,0,1001,
7,162,33,0,1,0,1001,
7,163,33,0,1,0,1001,
7,164,33,0,1,0,1001,
7,165,33,0,1,0,1001,
7,166,33,0,1,0,1001,
7,167,33,0,1,0,1001,
7,168,33,0,1,0,1001,
7,169,33,0,1,0,1001,
7,170,33,0,1,0,1001,
7,171,33,0,1,0,1001,
7,172,33,0,1,0,1001,
7,173,33,0,1,0,1001,
7,174,33,0,1,0,1001,
7,175,33,0,1,0,1001,
7,176,33,0,1,0,1001,
7,177,33,0,1,0,1001,
7,178,33,0,0,0,1002,
7,179,33,0,0,0,1002,
7,180,33,0,0,0,1002,
7,181,33,0,0,0,1002,
7,182,33,0,0,0,1002,
7,183,33,0,0,0,1002,
7,184,33,0,0,0,1002,
7,185,33,0,0,0,1002,
7,186,33,0,0,0,1002,
7,187,33,0,0,0,1002,
7,188,33,0,0,0,1002,
7,189,33,0,0,0,1002,
7,190,33,0,0,0,1002,
7,191,33,0,0,0,1002,
7,192,33,0,0,0,1002,
7,193,33,0,0,0,1002,
7,194,33,0,0,0,1002,
7,195,33,0,0,0,1002,
7,196,33,0,0,0,1002,
7,197,33,0,0,0,1002,
7,198,33,0,0,0,1002,
7,199,33,0,0,0,1002,
7,200,33,0,0,0,1002,
7,201,33,0,0,0,1002,
7,202,33,0,0,0,1002,
7,203,33,0,0,0,1002,
7,204,33,0,0,0,1002,
7,205,33,0,0,0,1002,
7,206,33,0,0,0,1002,
7,207,33,0,0,0,1002,
7,208,33,0,0,0,1002,
7,209,33,0,0,0,1002,
7,210,33,0,0,0,1002,
7,211,33,0,0,0,1002,
7,212,33,0,0,0,1002,
7,213,33,0,0,0,1002,
7,214,33,0,0,0,1002,
7,215,33,0,0,0,1002,
7,216,33,0,0,0,1002,
7,217,33,0,0,0,1002,
7,218,33,0,0,0,1002,
7,219,33,0,0,0,1002,
7,220,33,0,0,0,1002,
7,221,33,0,0,0,1002,
7,222,33,0,0,0,1002,
7,223,33,0,0,0,1002,
7,224,33,0,0,0,1002,
7,225,33,0,0,0,1002,
7,226,33,0,0,0,1002,
7,227,33,0,0,0,1002,
7,228,33,0,0,0,1002,
7,229,33,0,0,0,1002,
7,230,33,0,0,0,1002,
7,231,33,0,0,0,1002,
7,232,33,0,0,0,1002,
7,233,33,0,0,0,1002,
7,234,33,0,0,0,1002,
7,235,33,0,0,0,1002,
7,236,33,0,0,0,1002,
7,237,33,0,0,0,1002,
7,238,33,0,0,0,1002,
7,239,33,0,0,0,1002,
7,240,33,0,0,0,1002,
7,241,33,0,0,0,1002,
7,242,33,0,0,0,1002,
7,243,33,0,0,0,1002,
7,244,33,0,0,0,1002,
7,245,33,0,0,0,1002,
7,246,33,0,0,0,1002,
7,247,33,0,0,0,1002,
7,248,33,0,0,0,1002,
7,249,33,0,0,0,1002,
7,250,33,0,0,0,1002,
7,251,33,0,0,0,1002,
7,252,33,0,0,0,1002,
7,253,33,0,0,0,1002,
7,254,33,0,0,0,1002,
7,255,33,0,0,0,1002,
7,256,33,0,0,0,1002,
7,257,33,0,0,0,1002,
7,258,33,0,0,0,1002,
7,259,33,0,0,0,1002,
7,260,33,0,0,0,1002,
7,261,33,0,0,0,1002,
7,262,33,0,0,0,1002,
7,263,33,0,0,0,1002,
7,264,33,0,0,0,1002,
7,265,33,0,0,0,1002,
7,266,33,0,0,0,1002,
7,267,33,0,0,0,1002,
7,268,33,0,0,0,1002,
7,269,33,0,0,0,1002,
7,270,33,0,0,0,1002,
7,271,33,0,0,0,1002,
7,272,33,0,0,0,1002,
7,273,33,0,0,0,1002,
7,274,33,0,0,0,1002,
7,275,33,0,0,0,1002,
7,276,33,0,0,0,1002,
7,277,33,0,0,0,1002,
7,278,33,0,0,0,1002,
7,279,33,0,0,0,1002,
7,280,33,0,0,0,1002,
7,281,33,0,0,0,1002,
7,282,33,0,0,0,1002,
7,283,33,0,0,0,1002,
7,284,33,0,0,0,1002,
7,285,33,0,0,0,1002,
7,286,33,0,0,0,1002,
7,287,33,0,0,0,1002,
7,288,33,0,0,0,1002,
7,289,33,0,0,0,1002,
7,290,33,0,0,0,1002,
7,291,33,0,0,0,1002,
7,292,33,0,0,0,1002,
7,293,33,0,0,0,1002,
7,294,33,0,0,0,1002,
7,295,33,0,0,0,1002,
7,296,33,0,0,0,1002,
7,297,33,0,0,0,1002,
7,298,33,0,0,0,1002,
7,299,33,0,0,0,1002,
7,300,33,0,0,0,1002,
7,301,33,0,0,0,1002,
7,302,33,0,0,0,1002,
7,303,33,0,0,0,1002,
7,304,33,0,0,0,1002,
7,305,33,0,0,0,1002,
7,306,33,0,0,0,1002,
7,307,33,0,0,0,1002,
7,308,33,0,0,0,1002,
7,309,33,0,0,0,1002,
7,310,33,0,0,0,1002,
7,311,33,0,0,0,1002,
7,312,33,0,0,0,1002,
7,313,33,0,0,0,1002,
7,314,33,0,0,0,1002,
7,315,33,0,0,0,1002,
7,316,33,0,0,0,1002,
7,317,33,0,0,0,1002,
7,318,33,0,0,0,1002,
7,319,33,0,0,0,1002,
7,320,33,0,0,0,1002,
7,321,33,0,0,0,1002,
7,322,33,0,0,0,1002,
7,323,33,0,0,0,1002,
7,324,33,0,0,0,1002,
7,325,33,0,0,0,1002,
7,326,33,0,0,0,1002,
7,327,33,0,0,0,1002,
7,328,33,0,0,0,1002,
7,329,33,0,0,0,1002,
7,330,33,0,0,0,1002,
7,331,33,0,0,0,1002,
7,332,33,0,0,0,1002,
7,333,33,0,0,0,1002,
7,334,33,0,0,0,1002,
7,335,33,0,0,0,1002,
7,336,33,0,0,0,1002,
7,337,33,0,0,0,1002,
7,338,33,0,0,0,1002,
7,339,33,0,0,0,1002,
7,340,33,0,0,0,1002,
7,341,33,0,0,0,1002,
7,342,33,0,0,0,1002,
7,343,33,0,0,0,1002,
7,344,33,0,0,0,1002,
7,345,33,0,0,0,1002,
7,346,33,0,0,0,1002,
7,347,33,0,0,0,1002,
7,348,33,0,0,0,1002,
7,349,33,0,0,0,1002,
7,350,33,0,0,0,1002,
7,351,33,0,0,0,1002,
7,352,33,0,0,0,1002,
7,353,33,0,0,0,1002,
7,354,33,0,0,0,1002,
7,355,33,0,0,0,1002,
7,356,33,0,0,0,1002,
7,357,33,0,0,0,1002,
7,358,33,0,0,0,1002,
7,359,33,0,0,0,1002,
7,360,33,0,0,0,1002,
7,361,33,0,0,0,1002,
7,362,33,0,0,0,1002,
7,363,33,0,0,0,1002,
7,364,33,0,0,0,1002,
8,0,1035,0,0,0,0,
8,1,1034,0,1,0,0,
8,2,1027,7,1,0,0,
8,3,1027,3,5,0,0,
8,4,1001,29,5,0,0,
8,5,1001,21,13,0,0,
8,6,963,56,14,0,2,
8,7,949,58,25,0,3,
8,8,901,86,43,0,5,
8,9,871,93,65,0,6,
8,10,825,120,81,0,9,
8,11,801,120,105,0,9,
8,12,753,142,124,0,16,
8,13,721,144,146,0,24,
8,14,701,134,165,0,35,
8,15,683,127,182,0,43,
8,16,662,114,213,0,46,
8,17,641,114,222,0,58,
8,18,627,106,234,0,68,
8,19,603,114,240,0,78,
8,20,587,107,257,0,84,
8,21,574,102,266,0,93,
8,22,565,89,276,0,105,
8,23,544,100,269,0,122,
8,24,534,91,281,0,129,
8,25,513,88,294,0,140,
8,26,489,95,301,0,150,
8,27,475,89,312,0,159,
8,28,458,86,319,0,172,
8,29,444,81,324,0,186,
8,30,419,90,328,0,198,
8,31,411,81,327,0,216,
8,32,385,87,331,0,232,
8,33,356,101,326,0,252,
8,34,349,89,328,0,269,
8,35,329,92,318,0,296,
8,36,305,101,320,0,309,
8,37,285,98,330,0,322,
8,38,264,105,328,0,338,
8,39,244,107,332,0,352,
8,40,234,95,341,0,365,
8,41,218,81,354,0,382,
8,42,196,92,343,0,404,
8,43,182,91,341,0,421,
8,44,170,81,348,0,436,
8,45,148,87,350,0,450,
8,46,139,85,346,0,465,
8,47,126,84,340,0,485,
8,48,123,71,342,0,499,
8,49,114,69,337,0,515,
8,50,106,66,336,0,527,
8,51,101,57,339,0,538,
8,52,87,62,335,0,551,
8,53,84,52,336,0,563,
8,54,77,47,333,0,578,
8,55,74,40,328,0,593,
8,56,72,37,320,0,606,
8,57,72,29,312,0,622,
8,58,69,26,300,0,640,
8,59,68,20,294,0,653,
8,60,62,22,272,0,679,
8,61,61,18,266,0,690,
8,62,60,15,252,0,708,
8,63,55,18,246,0,716,
8,64,54,15,242,0,724,
8,65,49,19,232,0,735,
8,66,45,21,224,0,745,
8,67,39,23,218,0,755,
8,68,37,21,212,0,765,
8,69,35,20,202,0,778,
8,70,33,17,198,0,787,
8,71,29,16,196,0,794,
8,72,28,15,192,0,800,
8,73,28,11,184,0,812,
8,74,26,12,172,0,825,
8,75,25,13,166,0,831,
8,76,25,11,157,0,842,
8,77,24,10,151,0,850,
8,78,24,9,141,0,861,
8,79,24,7,133,0,871,
8,80,24,6,129,0,876,
8,81,22,8,121,0,884,
8,82,22,6,118,0,889,
8,83,22,6,111,0,896,
8,84,22,5,103,0,905,
8,85,22,4,101,0,908,
8,86,21,4,96,0,914,
8,87,21,4,90,0,920,
8,88,21,4,86,0,924,
8,89,21,2,79,0,933,
8,90,20,2,75,0,938,
8,91,20,1,71,0,943,
8,92,20,1,71,0,943,
8,93,20,1,67,0,947,
8,94,20,1,65,0,949,
8,95,20,1,63,0,951,
8,96,20,1,61,0,953,
8,97,20,1,57,0,957,
8,98,20,0,56,0,959,
8,99,19,1,54,0,961,
8,100,19,0,54,0,962,
8,101,18,1,54,0,962,
8,102,18,1,53,0,963,
8,103,18,1,50,0,966,
8,104,18,1,46,0,970,
8,105,18,1,44,0,972,
8,106,18,1,41,0,975,
8,107,18,1,41,0,975,
8,108,18,1,38,0,978,
8,109,18,1,36,0,980,
8,110,18,1,34,0,982,
8,111,18,1,31,0,985,
8,112,18,1,30,0,986,
8,113,18,1,30,0,986,
8,114,18,0,28,0,989,
8,115,17,1,25,0,992,
8,116,17,1,23,0,994,
8,117,17,1,22,0,995,
8,118,17,1,20,0,997,
8,119,17,1,20,0,997,
8,120,17,1,19,0,998,
8,121,17,1,19,0,998,
8,122,17,0,20,0,998,
8,123,17,0,19,0,999,
8,124,17,0,17,0,1001,
8,125,17,0,16,0,1002,
8,126,17,0,15,0,1003,
8,127,17,0,14,0,1004,
8,128,17,0,13,0,1005,
8,129,17,0,13,0,1005,
8,130,17,0,12,0,1006,
8,131,17,0,12,0,1006,
8,132,17,0,11,0,1007,
8,133,17,0,11,0,1007,
8,134,17,0,10,0,1008,
8,135,17,0,9,0,1009,
8,136,17,0,7,0,1011,
8,137,17,0,7,0,1011,
8,138,17,0,7,0,1011,
8,139,17,0,7,0,1011,
8,140,17,0,7,0,1011,
8,141,17,0,7,0,1011,
8,142,17,0,6,0,1012,
8,143,17,0,5,0,1013,
8,144,17,0,5,0,1013,
8,145,17,0,5,0,1013,
8,146,17,0,5,0,1013,
8,147,17,0,5,0,1013,
8,148,17,0,5,0,1013,
8,149,17,0,5,0,1013,
8,150,17,0,4,0,1014,
8,151,17,0,3,0,1015,
8,152,17,0,2,0,1016,
8,153,17,0,2,0,1016,
8,154,17,0,2,0,1016,
8,155,17,0,2,0,1016,
8,156,17,0,2,0,1016,
8,157,17,0,2,0,1016,
8,158,17,0,2,0,1016,
8,159,17,0,2,0,1016,
8,160,17,0,2,0,1016,
8,161,17,0,2,0,1016,
8,162,17,0,2,0,1016,
8,163,17,0,1,0,1017,
8,164,17,0,1,0,1017,
8,165,17,0,1,0,1017,
8,166,17,0,1,0,1017,
8,167,17,0,0,0,1018,
8,168,17,0,0,0,1018,
8,169,17,0,0,0,1018,
8,170,17,0,0,0,1018,
8,171,17,0,0,0,1018,
8,172,17,0,0,0,1018,
8,173,17,0,0,0,1018,
8,174,17,0,0,0,1018,
8,175,17,0,0,0,1018,
8,176,17,0,0,0,1018,
8,177,17,0,0,0,1018,
8,178,17,0,0,0,1018,
8,179,17,0,0,0,1018,
8,180,17,0,0,0,1018,
8,181,17,0,0,0,1018,
8,182,17,0,0,0,1018,
8,183,17,0,0,0,1018,
8,184,17,0,0,0,1018,
8,185,17,0,0,0,1018,
8,186,17,0,0,0,1018,
8,187,17,0,0,0,1018,
8,188,17,0,0,0,1018,
8,189,17,0,0,0,1018,
8,190,17,0,0,0,1018,
8,191,17,0,0,0,1018,
8,192,17,0,0,0,1018,
8,193,17,0,0,0,1018,
8,194,17,0,0,0,1018,
8,195,17,0,0,0,1018,
8,196,17,0,0,0,1018,
8,197,17,0,0,0,1018,
8,198,17,0,0,0,1018,
8,199,17,0,0,0,1018,
8,200,17,0,0,0,1018,
8,201,17,0,0,0,1018,
8,202,17,0,0,0,1018,
8,203,17,0,0,0,1018,
8,204,17,0,0,0,1018,
8,205,17,0,0,0,1018,
8,206,17,0,0,0,1018,
8,207,17,0,0,0,1018,
8,208,17,0,0,0,1018,
8,209,17,0,0,0,1018,
8,210,17,0,0,0,1018,
8,211,17,0,0,0,1018,
8,212,17,0,0,0,1018,
8,213,17,0,0,0,1018,
8,214,17,0,0,0,1018,
8,215,17,0,0,0,1018,
8,216,17,0,0,0,1018,
8,217,17,0,0,0,1018,
8,218,17,0,0,0,1018,
8,219,17,0,0,0,1018,
8,220,17,0,0,0,1018,
8,221,17,0,0,0,1018,
8,222,17,0,0,0,1018,
8,223,17,0,0,0,1018,
8,224,17,0,0,0,1018,
8,225,17,0,0,0,1018,
8,226,17,0,0,0,1018,
8,227,17,0,0,0,1018,
8,228,17,0,0,0,1018,
8,229,17,0,0,0,1018,
8,230,17,0,0,0,1018,
8,231,17,0,0,0,1018,
8,232,17,0,0,0,1018,
8,233,17,0,0,0,1018,
8,234,17,0,0,0,1018,
8,235,17,0,0,0,1018,
8,236,17,0,0,0,1018,
8,237,17,0,0,0,1018,
8,238,17,0,0,0,1018,
8,239,17,0,0,0,1018,
8,240,17,0,0,0,1018,
8,241,17,0,0,0,1018,
8,242,17,0,0,0,1018,
8,243,17,0,0,0,1018,
8,244,17,0,0,0,1018,
8,245,17,0,0,0,1018,
8,246,17,0,0,0,1018,
8,247,17,0,0,0,1018,
8,248,17,0,0,0,1018,
8,249,17,0,0,0,1018,
8,250,17,0,0,0,1018,
8,251,17,0,0,0,1018,
8,252,17,0,0,0,1018,
8,253,17,0,0,0,1018,
8,254,17,0,0,0,1018,
8,255,17,0,0,0,1018,
8,256,17,0,0,0,1018,
8,257,17,0,0,0,1018,
8,258,17,0,0,0,1018,
8,259,17,0,0,0,1018,
8,260,17,0,0,0,1018,
8,261,17,0,0,0,1018,
8,262,17,0,0,0,1018,
8,263,17,0,0,0,1018,
8,264,17,0,0,0,1018,
8,265,17,0,0,0,1018,
8,266,17,0,0,0,1018,
8,267,17,0,0,0,1018,
8,268,17,0,0,0,1018,
8,269,17,0,0,0,1018,
8,270,17,0,0,0,1018,
8,271,17,0,0,0,1018,
8,272,17,0,0,0,1018,
8,273,17,0,0,0,1018,
8,274,17,0,0,0,1018,
8,275,17,0,0,0,1018,
8,276,17,0,0,0,1018,
8,277,17,0,0,0,1018,
8,278,17,0,0,0,1018,
8,279,17,0,0,0,1018,
8,280,17,0,0,0,1018,
8,281,17,0,0,0,1018,
8,282,17,0,0,0,1018,
8,283,17,0,0,0,1018,
8,284,17,0,0,0,1018,
8,285,17,0,0,0,1018,
8,286,17,0,0,0,1018,
8,287,17,0,0,0,1018,
8,288,17,0,0,0,1018,
8,289,17,0,0,0,1018,
8,290,17,0,0,0,1018,
8,291,17,0,0,0,1018,
8,292,17,0,0,0,1018,
8,293,17,0,0,0,1018,
8,294,17,0,0,0,1018,
8,295,17,0,0,0,1018,
8,296,17,0,0,0,1018,
8,297,17,0,0,0,1018,
8,298,17,0,0,0,1018,
8,299,17,0,0,0,1018,
8,300,17,0,0,0,1018,
8,301,17,0,0,0,1018,
8,302,17,0,0,0,1018,
8,303,17,0,0,0,1018,
8,304,17,0,0,0,1018,
8,305,17,0,0,0,1018,
8,306,17,0,0,0,1018,
8,307,17,0,0,0,1018,
8,308,17,0,0,0,1018,
8,309,17,0,0,0,1018,
8,310,17,0,0,0,1018,
8,311,17,0,0,0,1018,
8,312,17,0,0,0,1018,
8,313,17,0,0,0,1018,
8,314,17,0,0,0,1018,
8,315,17,0,0,0,1018,
8,316,17,0,0,0,1018,
8,317,17,0,0,0,1018,
8,318,17,0,0,0,1018,
8,319,17,0,0,0,1018,
8,320,17,0,0,0,1018,
8,321,17,0,0,0,1018,
8,322,17,0,0,0,1018,
8,323,17,0,0,0,1018,
8,324,17,0,0,0,1018,
8,325,17,0,0,0,1018,
8,326,17,0,0,0,1018,
8,327,17,0,0,0,1018,
8,328,17,0,0,0,1018,
8,329,17,0,0,0,1018,
8,330,17,0,0,0,1018,
8,331,17,0,0,0,1018,
8,332,17,0,0,0,1018,
8,333,17,0,0,0,1018,
8,334,17,0,0,0,1018,
8,335,17,0,0,0,1018,
8,336,17,0,0,0,1018,
8,337,17,0,0,0,1018,
8,338,17,0,0,0,1018,
8,339,17,0,0,0,1018,
8,340,17,0,0,0,1018,
8,341,17,0,0,0,1018,
8,342,17,0,0,0,1018,
8,343,17,0,0,0,1018,
8,344,17,0,0,0,1018,
8,345,17,0,0,0,1018,
8,346,17,0,0,0,1018,
8,347,17,0,0,0,1018,
8,348,17,0,0,0,1018,
8,349,17,0,0,0,1018,
8,350,17,0,0,0,1018,
8,351,17,0,0,0,1018,
8,352,17,0,0,0,1018,
8,353,17,0,0,0,1018,
8,354,17,0,0,0,1018,
8,355,17,0,0,0,1018,
8,356,17,0,0,0,1018,
8,357,17,0,0,0,1018,
8,358,17,0,0,0,1018,
8,359,17,0,0,0,1018,
8,360,17,0,0,0,1018,
8,361,17,0,0,0,1018,
8,362,17,0,0,0,1018,
8,363,17,0,0,0,1018,
8,364,17,0,0,0,1018,
9,0,1035,0,0,0,0,
9,1,1034,0,1,0,0,
9,2,1017,17,1,0,0,
9,3,1017,16,2,0,0,
9,4,1000,31,4,0,0,
9,5,995,30,10,0,0,
9,6,976,45,13,0,1,
9,7,974,39,21,0,1,
9,8,959,52,23,0,1,
9,9,949,51,34,0,1,
9,10,938,54,42,0,1,
9,11,926,57,49,0,3,
9,12,906,70,54,0,5,
9,13,894,67,66,0,8,
9,14,856,86,80,0,13,
9,15,827,99,91,0,18,
9,16,811,95,106,0,23,
9,17,785,105,119,0,26,
9,18,769,99,132,0,35,
9,19,754,87,152,0,42,
9,20,742,78,169,0,46,
9,21,732,76,172,0,55,
9,22,724,68,183,0,60,
9,23,715,62,192,0,66,
9,24,707,60,194,0,74,
9,25,695,57,198,0,85,
9,26,689,49,202,0,95,
9,27,681,47,207,0,100,
9,28,675,43,208,0,109,
9,29,672,39,203,0,121,
9,30,666,38,192,0,139,
9,31,662,34,192,0,147,
9,32,653,37,192,0,153,
9,33,648,32,192,0,163,
9,34,640,32,193,0,170,
9,35,611,53,196,0,175,
9,36,597,55,203,0,180,
9,37,570,71,200,0,194,
9,38,561,64,206,0,204,
9,39,535,76,209,0,215,
9,40,517,77,214,0,227,
9,41,495,81,222,0,237,
9,42,475,84,224,0,252,
9,43,466,76,229,0,264,
9,44,454,72,236,0,273,
9,45,447,62,246,0,280,
9,46,421,78,239,0,297,
9,47,420,63,242,0,310,
9,48,412,58,246,0,319,
9,49,404,56,246,0,329,
9,50,394,51,249,0,341,
9,51,385,55,242,0,353,
9,52,382,45,236,0,372,
9,53,357,61,235,0,382,
9,54,348,54,239,0,394,
9,55,338,53,241,0,403,
9,56,326,53,240,0,416,
9,57,312,58,237,0,428,
9,58,307,53,236,0,439,
9,59,279,71,234,0,451,
9,60,258,75,240,0,462,
9,61,240,73,247,0,475,
9,62,224,78,249,0,484,
9,63,209,75,257,0,494,
9,64,187,83,254,0,511,
9,65,180,68,263,0,524,
9,66,174,63,258,0,540,
9,67,165,59,252,0,559,
9,68,154,59,252,0,570,
9,69,147,51,255,0,582,
9,70,141,48,249,0,597,
9,71,134,50,248,0,603,
9,72,128,44,246,0,617,
9,73,119,46,242,0,628,
9,74,114,40,243,0,638,
9,75,104,38,238,0,655,
9,76,102,37,228,0,668,
9,77,97,37,225,0,676,
9,78,95,30,224,0,686,
9,79,89,33,218,0,695,
9,80,84,34,211,0,706,
9,81,82,31,210,0,712,
9,82,76,31,203,0,725,
9,83,71,32,201,0,731,
9,84,69,30,187,0,749,
9,85,64,28,182,0,761,
9,86,59,30,174,0,772,
9,87,57,24,175,0,779,
9,88,52,25,170,0,788,
9,89,50,23,163,0,799,
9,90,50,18,161,0,806,
9,91,43,23,155,0,814,
9,92,43,17,148,0,827,
9,93,42,14,141,0,838,
9,94,42,10,143,0,840,
9,95,39,10,140,0,846,
9,96,38,10,134,0,853,
9,97,38,8,133,0,856,
9,98,37,7,126,0,865,
9,99,36,8,122,0,869,
9,100,36,7,121,0,871,
9,101,36,6,116,0,877,
9,102,36,3,114,0,882,
9,103,36,3,105,0,891,
9,104,36,2,101,0,896,
9,105,33,4,94,0,904,
9,106,33,3,91,0,908,
9,107,33,3,84,0,915,
9,108,33,3,81,0,918,
9,109,33,3,78,0,921,
9,110,33,3,76,0,923,
9,111,33,2,76,0,924,
9,112,32,2,73,0,928,
9,113,32,1,71,0,931,
9,114,31,2,66,0,936,
9,115,31,0,67,0,937,
9,116,29,2,65,0,939,
9,117,29,1,59,0,946,
9,118,28,2,57,0,948,
9,119,28,2,53,0,952,
9,120,28,2,49,0,956,
9,121,28,1,47,0,959,
9,122,27,2,44,0,962,
9,123,27,1,42,0,965,
9,124,27,1,41,0,966,
9,125,27,0,40,0,968,
9,126,27,0,39,0,969,
9,127,27,0,35,0,973,
9,128,27,0,33,0,975,
9,129,27,0,31,0,977,
9,130,27,0,30,0,978,
9,131,27,0,29,0,979,
9,132,27,0,28,0,980,
9,133,27,0,28,0,980,
9,134,27,0,25,0,983,
9,135,27,0,25,0,983,
9,136,27,0,23,0,985,
9,137,27,0,23,0,985,
9,138,27,0,23,0,985,
9,139,27,0,22,0,986,
9,140,27,0,22,0,986,
9,141,27,0,20,0,988,
9,142,27,0,19,0,989,
9,143,27,0,19,0,989,
9,144,27,0,18,0,990,
9,145,27,0,16,0,992,
9,146,27,0,16,0,992,
9,147,27,0,15,0,993,
9,148,27,0,14,0,994,
9,149,27,0,14,0,994,
9,150,27,0,14,0,994,
9,151,27,0,13,0,995,
9,152,27,0,13,0,995,
9,153,27,0,10,0,998,
9,154,27,0,9,0,999,
9,155,27,0,9,0,999,
9,156,27,0,8,0,1000,
9,157,27,0,6,0,1002,
9,158,27,0,6,0,1002,
9,159,27,0,6,0,1002,
9,160,27,0,5,0,1003,
9,161,27,0,5,0,1003,
9,162,27,0,5,0,1003,
9,163,27,0,5,0,1003,
9,164,27,0,5,0,1003,
9,165,27,0,5,0,1003,
9,166,27,0,5,0,1003,
9,167,27,0,5,0,1003,
9,168,27,0,5,0,1003,
9,169,27,0,4,0,1004,
9,170,27,0,4,0,1004,
9,171,27,0,4,0,1004,
9,172,27,0,4,0,1004,
9,173,27,0,4,0,1004,
9,174,27,0,3,0,1005,
9,175,27,0,3,0,1005,
9,176,27,0,2,0,1006,
9,177,27,0,2,0,1006,
9,178,27,0,2,0,1006,
9,179,27,0,2,0,1006,
9,180,27,0,2,0,1006,
9,181,27,0,2,0,1006,
9,182,27,0,2,0,1006,
9,183,27,0,2,0,1006,
9,184,27,0,2,0,1006,
9,185,27,0,2,0,1006,
9,186,27,0,2,0,1006,
9,187,27,0,2,0,1006,
9,188,27,0,2,0,1006,
9,189,27,0,2,0,1006,
9,190,27,0,2,0,1006,
9,191,27,0,2,0,1006,
9,192,27,0,2,0,1006,
9,193,27,0,2,0,1006,
9,194,27,0,2,0,1006,
9,195,27,0,2,0,1006,
9,196,27,0,2,0,1006,
9,197,27,0,2,0,1006,
9,198,27,0,1,0,1007,
9,199,27,0,1,0,1007,
9,200,27,0,1,0,1007,
9,201,27,0,1,0,1007,
9,202,27,0,0,0,1008,
9,203,27,0,0,0,1008,
9,204,27,0,0,0,1008,
9,205,27,0,0,0,1008,
9,206,27,0,0,0,1008,
9,207,27,0,0,0,1008,
9,208,27,0,0,0,1008,
9,209,27,0,0,0,1008,
9,210,27,0,0,0,1008,
9,211,27,0,0,0,1008,
9,212,27,0,0,0,1008,
9,213,27,0,0,0,1008,
9,214,27,0,0,0,1008,
9,215,27,0,0,0,1008,
9,216,27,0,0,0,1008,
9,217,27,0,0,0,1008,
9,218,27,0,0,0,1008,
9,219,27,0,0,0,1008,
9,220,27,0,0,0,1008,
9,221,27,0,0,0,1008,
9,222,27,0,0,0,1008,
9,223,27,0,0,0,1008,
9,224,27,0,0,0,1008,
9,225,27,0,0,0,1008,
9,226,27,0,0,0,1008,
9,227,27,0,0,0,1008,
9,228,27,0,0,0,1008,
9,229,27,0,0,0,1008,
9,230,27,0,0,0,1008,
9,231,27,0,0,0,1008,
9,232,27,0,0,0,1008,
9,233,27,0,0,0,1008,
9,234,27,0,0,0,1008,
9,235,27,0,0,0,1008,
9,236,27,0,0,0,1008,
9,237,27,0,0,0,1008,
9,238,27,0,0,0,1008,
9,239,27,0,0,0,1008,
9,240,27,0,0,0,1008,
9,241,27,0,0,0,1008,
9,242,27,0,0,0,1008,
9,243,27,0,0,0,1008,
9,244,27,0,0,0,1008,
9,245,27,0,0,0,1008,
9,246,27,0,0,0,1008,
9,247,27,0,0,0,1008,
9,248,27,0,0,0,1008,
9,249,27,0,0,0,1008,
9,250,27,0,0,0,1008,
9,251,27,0,0,0,1008,
9,252,27,0,0,0,1008,
9,253,27,0,0,0,1008,
9,254,27,0,0,0,1008,
9,255,27,0,0,0,1008,
9,256,27,0,0,0,1008,
9,257,27,0,0,0,1008,
9,258,27,0,0,0,1008,
9,259,27,0,0,0,1008,
9,260,27,0,0,0,1008,
9,261,27,0,0,0,1008,
9,262,27,0,0,0,1008,
9,263,27,0,0,0,1008,
9,264,27,0,0,0,1008,
9,265,27,0,0,0,1008,
9,266,27,0,0,0,1008,
9,267,27,0,0,0,1008,
9,268,27,0,0,0,1008,
9,269,27,0,0,0,1008,
9,270,27,0,0,0,1008,
9,271,27,0,0,0,1008,
9,272,27,0,0,0,1008,
9,273,27,0,0,0,1008,
9,274,27,0,0,0,1008,
9,275,27,0,0,0,1008,
9,276,27,0,0,0,1008,
9,277,27,0,0,0,1008,
9,278,27,0,0,0,1008,
9,279,27,0,0,0,1008,
9,280,27,0,0,0,1008,
9,281,27,0,0,0,1008,
9,282,27,0,0,0,1008,
9,283,27,0,0,0,1008,
9,284,27,0,0,0,1008,
9,285,27,0,0,0,1008,
9,286,27,0,0,0,1008,
9,287,27,0,0,0,1008,
9,288,27,0,0,0,1008,
9,289,27,0,0,0,1008,
9,290,27,0,0,0,1008,
9,291,27,0,0,0,1008,
9,292,27,0,0,0,1008,
9,293,27,0,0,0,1008,
9,294,27,0,0,0,1008,
9,295,27,0,0,0,1008,
9,296,27,0,0,0,1008,
9,297,27,0,0,0,1008,
9,298,27,0,0,0,1008,
9,299,27,0,0,0,1008,
9,300,27,0,0,0,1008,
9,301,27,0,0,0,1008,
9,302,27,0,0,0,1008,
9,303,27,0,0,0,1008,
9,304,27,0,0,0,1008,
9,305,27,0,0,0,1008,
9,306,27,0,0,0,1008,
9,307,27,0,0,0,1008,
9,308,27,0,0,0,1008,
9,309,27,0,0,0,1008,
9,310,27,0,0,0,1008,
9,311,27,0,0,0,1008,
9,312,27,0,0,0,1008,
9,313,27,0,0,0,1008,
9,314,27,0,0,0,1008,
9,315,27,0,0,0,1008,
9,316,27,0,0,0,1008,
9,317,27,0,0,0,1008,
9,318,27,0,0,0,1008,
9,319,27,0,0,0,1008,
9,320,27,0,0,0,1008,
9,321,27,0,0,0,1008,
9,322,27,0,0,0,1008,
9,323,27,0,0,0,1008,
9,324,27,0,0,0,1008,
9,325,27,0,0,0,1008,
9,326,27,0,0,0,1008,
9,327,27,0,0,0,1008,
9,328,27,0,0,0,1008,
9,329,27,0,0,0,1008,
9,330,27,0,0,0,1008,
9,331,27,0,0,0,1008,
9,332,27,0,0,0,1008,
9,333,27,0,0,0,1008,
9,334,27,0,0,0,1008,
9,335,27,0,0,0,1008,
9,336,27,0,0,0,1008,
9,337,27,0,0,0,1008,
9,338,27,0,0,0,1008,
9,339,27,0,0,0,1008,
9,340,27,0,0,0,1008,
9,341,27,0,0,0,1008,
9,342,27,0,0,0,1008,
9,343,27,0,0,0,1008,
9,344,27,0,0,0,1008,
9,345,27,0,0,0,1008,
9,346,27,0,0,0,1008,
9,347,27,0,0,0,1008,
9,348,27,0,0,0,1008,
9,349,27,0,0,0,1008,
9,350,27,0,0,0,1008,
9,351,27,0,0,0,1008,
9,352,27,0,0,0,1008,
9,353,27,0,0,0,1008,
9,354,27,0,0,0,1008,
9,355,27,0,0,0,1008,
9,356,27,0,0,0,1008,
9,357,27,0,0,0,1008,
9,358,27,0,0,0,1008,
9,359,27,0,0,0,1008,
9,360,27,0,0,0,1008,
9,361,27,0,0,0,1008,
9,362,27,0,0,0,1008,
9,363,27,0,0,0,1008,
9,364,27,0,0,0,1008,
